,tweets,user,id,len,date,source,likes,retweets
0,The process of looking for a therapist is exhausting Here s how the tech industry is trying to make the process ea,CNBC,1188501612513263616,140,2019-10-27 17:04:00,Twitter Media Studio,25,8
1,In this CNBCClassic clip Jeff Bezos explained his ambitious vision for Amazon in a 1999 interview There s no gu,CNBC,1188482486004867079,140,2019-10-27 15:48:00,Twitter Media Studio,110,44
2,How this high school dropout went from 100K in debt to bringing in 18M selling stuff on Amazon,CNBC,1188296762697498625,122,2019-10-27 03:30:00,Twitter Media Studio,56,19
3,Dolby is working to improve the audio visual experience on the go by bringing its Atmos and Vision technologies to,CNBC,1188229317974806528,139,2019-10-26 23:02:00,Twitter Media Studio,11,6
4,Trump reportedly told Mattis to screw Amazon out of 10 billion Pentagon cloud contract,CNBC,1188207934230192135,113,2019-10-26 21:37:02,SocialFlow,198,104
5,It s my biggest holding Mark Cuban says he has nearly 1 billion in Amazon stock,CNBC,1188187084487573504,109,2019-10-26 20:14:11,SocialFlow,100,53
6,RT BREAKING Microsoft wins major Pentagon cloud contract worth up to 10B beating out Amazon,CNBC,1187866675858825217,128,2019-10-25 23:00:59,TweetDeck,0,146
7,Microsoft wins major defense cloud contract beating out Amazon,CNBC,1187866572188200962,87,2019-10-25 23:00:34,SocialFlow,24,15
8,RT BREAKING Pentagon awards 10B JEDI cloud contract to Microsoft over Amazon,CNBC,1187866252615790593,113,2019-10-25 22:59:18,TweetDeck,0,292
9,Best Buy has dodged death but for how long Watch the full video here to see how Best Buy has survived the retail,CNBC,1187848558747086848,139,2019-10-25 21:49:00,Twitter Media Studio,13,6
10,RT Amazon AMZN slides on earnings miss but remains confident saying this stock is a BUY by next week,CNBC,1187799239734243330,139,2019-10-25 18:33:01,Twitter Web App,0,9
11,Amazon took a tumble after its Q3 earnings fell short The company is spending billions to expand its free one day,CNBC,1187783942184812544,139,2019-10-25 17:32:14,Twitter Media Studio,20,7
12,Amazon falls after missing on earnings here s what 6 experts are watching now AMZN via,CNBC,1187782486916583425,128,2019-10-25 17:26:27,SocialFlow,13,5
13,LISTEN NOW Amazon shares fell following a Q3 earnings miss so what does this mean for investors Learn more on t,CNBC,1187761485784768512,140,2019-10-25 16:03:00,Twitter Media Studio,6,4
14,Amazon shares dropped after its Q3 earnings fell short of expectations Here are the key takeaways from its Q3 repo,CNBC,1187757710227447808,140,2019-10-25 15:48:00,Twitter Media Studio,17,8
15,Cramer says Amazon stock is a buy but wait until Friday s selling is over,CNBC,1187742951570640897,99,2019-10-25 14:49:21,SocialFlow,39,8
16,Nearly every analyst covering Amazon says buy the dip except one,CNBC,1187727724460281862,89,2019-10-25 13:48:51,SocialFlow,9,5
17,Amazon s earnings weren t a total disaster its advertising business is growing like crazy,CNBC,1187711153398599680,115,2019-10-25 12:43:00,SocialFlow,19,9
18,Stocks making the biggest moves premarket Verizon Amazon Intel AT amp T Visa Uber amp more,CNBC,1187701470667378689,122,2019-10-25 12:04:31,SocialFlow,11,4
19,Nearly every analyst covering Amazon says buy the dip except one,CNBC,1187698630515478528,89,2019-10-25 11:53:14,SocialFlow,14,6
20,Here s what every major analyst is saying about Amazon s big earnings miss,CNBC,1187686367331016704,98,2019-10-25 11:04:30,SocialFlow,15,4
21,Apple s TV app is now on Amazon Fire TV devices ahead of next week s streaming service launch,CNBC,1187675514959548418,117,2019-10-25 10:21:23,SocialFlow,10,3
22,Sens Warren and Wyden urge FTC to investigate Amazon s role in Capital One hack,CNBC,1187672955884584960,104,2019-10-25 10:11:13,SocialFlow,14,6
23,Amazon s cloud business reports 35 growth in the third quarter trailing estimates,CNBC,1187660237207228416,107,2019-10-25 09:20:40,SocialFlow,11,3
24,Elizabeth Warren s move on Amazon over Capital One hack is a warning shot to cloud providers,CNBC,1187659066182635521,116,2019-10-25 09:16:01,SocialFlow,20,11
25,Amazon clobbered after a miss on the bottom line and soft guidance,CNBC,1187658686321348608,90,2019-10-25 09:14:31,SocialFlow,8,6
26,US futures point to a mixed open after Amazon earnings disappoint,CNBC,1187633252225441799,89,2019-10-25 07:33:27,SocialFlow,12,8
27,Andrew Yang says that you should get a check in the mail from Facebook Amazon and Google for your data via,CNBC,1187572510977679361,135,2019-10-25 03:32:05,SocialFlow,987,271
28,Returns can be a major headache and create billions of pounds of waste Here s how Amazon is redefining the return,CNBC,1187515363191394306,139,2019-10-24 23:45:00,Twitter Media Studio,23,11
29,RT Here s gene s final grade for Amazon s quarter AMZN,CNBC,1187496871859818496,105,2019-10-24 22:31:31,Twitter for iPhone,0,8
30,Jeff Bezos lost about 7 billion on Thursday,CNBC,1187491295901691905,68,2019-10-24 22:09:22,SocialFlow,205,92
31,Stocks making the biggest moves after hours Amazon Intel Charter Communications amp more,CNBC,1187478701656727552,116,2019-10-24 21:19:19,SocialFlow,13,5
32,Amazon Web Services saw a 35 revenue increase in Q3 which was less than analysts had expected,CNBC,1187463047377539072,120,2019-10-24 20:17:07,SocialFlow,10,9
33,Amazon s stock drops after Q3 earnings fell short of Wall Street expectations,CNBC,1187461713735639042,102,2019-10-24 20:11:49,SocialFlow,22,15
34,RT Amazon shares extend after hours plunge to more than 7 after EPS miss,CNBC,1187460915832250369,131,2019-10-24 20:08:38,TweetDeck,0,53
35,Amazon s cloud business reports 35 growth in the third quarter trailing estimates,CNBC,1187460587330117632,107,2019-10-24 20:07:20,SocialFlow,5,7
36,RT EARNINGS Q3 EPS 4 23 vs 4 62 Est Q3 Revs 69 98B vs 68 81B Est AMZN drops 5 after hours,CNBC,1187459586380455936,139,2019-10-24 20:03:21,TweetDeck,0,107
37,RT We re moments away from s Q3 earnings company is on a mission to building up its infrastructure but t,CNBC,1187456704142819328,140,2019-10-24 19:51:54,Twitter Web App,0,7
38,Three things to watch for in the markets on Friday including Amazon reaction economic data,CNBC,1187451657656905729,115,2019-10-24 19:31:51,SocialFlow,1,4
39,Amazon reports third quarter earnings after the bell,CNBC,1187451657531133959,76,2019-10-24 19:31:51,SocialFlow,6,6
40,Elizabeth Warren s move on Amazon over Capital One hack is a warning shot to cloud providers,CNBC,1187443543515811840,116,2019-10-24 18:59:37,SocialFlow,30,8
41,RT In today s Rapid Fire PayPal surges on earnings Time s up for TikTok Amazon s clothing concerns Have you shown,CNBC,1187439616334405632,139,2019-10-24 18:44:00,Twitter Web App,0,5
42,Here s what every major analyst expects from Amazon earnings after the bell,CNBC,1187387038435336192,99,2019-10-24 15:15:05,SocialFlow,13,6
43,Is Amazon primed for an earnings breakout Options traders aren t so sure,CNBC,1187384865903333376,97,2019-10-24 15:06:27,SocialFlow,13,3
44,Returns can be a major headache and create billions of pounds of waste Here s how Amazon is redefining the return,CNBC,1187380474521489408,139,2019-10-24 14:49:00,Twitter Media Studio,27,13
45,RT Regulators want to know exactly how Amazon is tied up in that massive Capital One hack from this summer,CNBC,1187374652622098432,140,2019-10-24 14:25:52,Twitter Web App,0,3
46,Senators Warren and Wyden urge FTC to investigate Amazon s role in Capital One hack,CNBC,1187367748122349568,107,2019-10-24 13:58:26,SocialFlow,17,5
47,Apple s TV app is now on Amazon Fire TV devices ahead of next week s streaming service launch,CNBC,1187360726635208706,117,2019-10-24 13:30:31,SocialFlow,19,8
48,Amazon announces three new renewable energy projects including its first in Scotland,CNBC,1187335053673730048,109,2019-10-24 11:48:31,SocialFlow,24,13
49,Amazon s big investment in free one day delivery is expected to spark growth in the third quarter,CNBC,1187332574982615040,121,2019-10-24 11:38:40,SocialFlow,26,9
50,Amazon acquires start up Health Navigator its first health related purchase since PillPack,CNBC,1187294368832598016,115,2019-10-24 09:06:51,SocialFlow,14,6
51,RT Amazon earnings are on deck for Thursday and some are betting that the e commerce giant will deliver a beat K,CNBC,1187129346131156992,140,2019-10-23 22:11:06,Twitter for iPhone,0,21
52,Amazon acquires start up Health Navigator its first health related purchase since PillPack,CNBC,1187119820615147523,115,2019-10-23 21:33:15,SocialFlow,19,14
53,You may be surprised to hear that companies like Amazon and Qualcomm have side businesses,CNBC,1187103650348318720,138,2019-10-23 20:29:00,Twitter Media Studio,32,18
54,Three things to watch for in the markets on Thursday including the earning season s busiest day,CNBC,1187088600992829440,120,2019-10-23 19:29:12,SocialFlow,8,3
55,For the many people who struggle with anxiety and depression it s a huge challenge to find an affordable therapist,CNBC,1187057848662069249,140,2019-10-23 17:27:00,Twitter Media Studio,28,14
56,This is the one Amazon leadership principle that surprises people the most according to Jeff Bezos via,CNBC,1186854823209132032,132,2019-10-23 04:00:15,SocialFlow,14,8
57,Best Buy follows Amazon Walmart in next day delivery push in time for the holidays,CNBC,1186723636352311296,107,2019-10-22 19:18:57,SocialFlow,8,4
58,This e commerce retailer is beating Amazon this year AMZN via,CNBC,1186683419012542464,103,2019-10-22 16:39:09,SocialFlow,9,6
59,Amazon launches its own premium gin brand in the UK,CNBC,1186612731199328256,75,2019-10-22 11:58:15,SocialFlow,9,8
60,Amazon is shipping expired food from baby formula to old beef jerky scaring consumers and putting big brands at r,CNBC,1186560036920803329,140,2019-10-22 08:28:52,SocialFlow,18,23
61,Antitrust laws have been out of the spotlight for decades but now they re affecting Amazon Apple Google and Fac,CNBC,1186523578344210432,140,2019-10-22 06:04:00,Twitter Media Studio,23,11
62,Cardboard boxes are a really big deal in the U S But as Amazon works to reduce costs and ship more products more q,CNBC,1186391457612959744,140,2019-10-21 21:19:00,Twitter Media Studio,12,7
63,RT In today s Rapid Fire Analysts riding PTON Mark Zuckerberg s media offensive Amazon s expired food fiasco Infl,CNBC,1186344573326356486,140,2019-10-21 18:12:42,Twitter Web App,0,10
64,Here are the biggest analyst calls of the day Boeing Apple Amazon eBay amp more,CNBC,1186267123263397891,109,2019-10-21 13:04:56,SocialFlow,9,2
65,Jeff Bezos calls work life balance a debilitating phrase Here s what the Amazon CEO and world s richest person,CNBC,1186153098244440065,140,2019-10-21 05:31:50,SocialFlow,89,36
66,There s no guarantee that Amazon can be a successful company What we re trying to do is very complicated Jeff B,CNBC,1186085441356881920,140,2019-10-21 01:03:00,Twitter Media Studio,106,47
67,In this CNBCClassic clip anchor Tyler Mathisen covers Netflix s 2002 IPO CEO Reid Hastings expressed optimism c,CNBC,1186004155476791296,140,2019-10-20 19:40:00,Twitter Media Studio,21,9
68,Amazon is shipping expired food from baby formula to old beef jerky scaring consumers and putting big brands at r,CNBC,1185911086090018817,140,2019-10-20 13:30:10,SocialFlow,76,72
69,Jumia Africa s largest online retailer sought to build an online shopping experience among other digital product,CNBC,1185708457355292672,140,2019-10-20 00:05:00,Twitter Media Studio,24,5
70,It turns out Amazon Prime is not as convenient as everyone thinks Here s why,CNBC,1185561237125357568,126,2019-10-19 14:20:00,Twitter Media Studio,14,8
71,Returns cost millions and create billions of pounds of waste but Amazon is redefining the process,CNBC,1185541514908360704,122,2019-10-19 13:01:38,SocialFlow,11,8
72,It s my biggest holding Mark Cuban says he has nearly 1 billion in Amazon stock,CNBC,1185419076807598080,109,2019-10-19 04:55:06,SocialFlow,86,29
73,Cramer s week ahead McDonald s Amazon Chipotle Caterpillar Boeing and more earnings reports,CNBC,1185328495464996870,120,2019-10-18 22:55:10,SocialFlow,9,8
74,Cloud Competitors How Amazon Web Services Microsoft Azure s Quarterly Performance Stacks Up AMZN MSFT,Benzinga,1187840002635362305,129,2019-10-25 21:15:00,TweetDeck,0,1
75,One Day Shipping Pain Worth It For Amazon s Long Term Gain AMZN,Benzinga,1187779604745994240,88,2019-10-25 17:15:00,TweetDeck,0,1
76,Jeff Bezos Could Lose Title Of World s Richest Person After Amazon s Earnings Miss AMZN,Benzinga,1187712141647847424,112,2019-10-25 12:46:55,TweetDeck,0,0
77,Amazon s Stock Falls After Q3 Earnings Miss Lower Sales Forecast AMZN,Benzinga,1187466290111418368,95,2019-10-24 20:30:00,TweetDeck,1,0
78,Since 2009 when the bull market began Amazon AMZN has had 11 gaps up of 5 and 11 gaps down of 5 on earnings,bespokeinvest,1187699681670946817,139,2019-10-25 11:57:25,Twitter Web App,22,8
79,In its 72 prior earnings reports since October 2001 Amazon has gapped down 6 in reaction to earnings nearly a th,bespokeinvest,1187694836046012417,140,2019-10-25 11:38:09,TweetDeck,18,3
80,Amazon on pace for its worst earnings reaction day since wait for it last October AMZN,bespokeinvest,1187479492245282838,92,2019-10-24 21:22:27,TweetDeck,29,9
81,Even though it is underperforming some of the biggest Death By Amazon index members this year Amazon AMZN has dr,bespokeinvest,1187476829264896000,140,2019-10-24 21:11:53,Twitter Web App,3,0
82,RT Amazon s profit machine sputtered after two years of surging growth weighed down by its push to speed up shipping WSJWhatsNow ht,WSJmarkets,1187817285819555840,140,2019-10-25 19:44:44,SocialFlow,0,31
83,Shares of Amazon fall in off hours trading after third quarter profit decline,WSJmarkets,1187703268044103681,102,2019-10-25 12:11:40,SocialFlow,5,4
84,Heard on the Street Amazon s record spending may still result in slower growth,WSJmarkets,1187696191502540800,103,2019-10-25 11:43:33,SocialFlow,1,4
85,RT Amazon is spending record amounts in shipping capex and R amp D Oh and it now employs three quarters of a million people,WSJmarkets,1187497938320183296,143,2019-10-24 22:35:45,Twitter Web App,0,4
86,Amazon s profit miss sent shares down more than 7 in after hours trading,WSJmarkets,1187475183755386883,97,2019-10-24 21:05:20,SocialFlow,7,5
87,RT Amazon s profit may be weighed down by shipping costs via,WSJmarkets,1187380702955921409,105,2019-10-24 14:49:54,TweetDeck,0,2
88,RT Amazon s third quarter earnings will be released Thursday and all eyes will be on its cloud computing business expl,WSJmarkets,1187103692627087362,140,2019-10-23 20:29:10,SocialFlow,0,13
89,Amazon s cloud business will be in sharp focus in tomorrow s Q3 report following a rare miss last time,WSJmarkets,1187009862095396864,128,2019-10-23 14:16:19,Twitter Web App,1,2
90,An AWS target miss and the Capital One hack have punished the highflying stock since its latest report,WSJmarkets,1186971811109625857,127,2019-10-23 11:45:07,SocialFlow,4,2
91,Amazon was considered a front runner for the Defense Department s 10 year JEDI cloud computing project before Presi,nytimesbusiness,1188471436580720640,140,2019-10-27 15:04:05,SocialFlow,2,3
92,Amazon was considered a front runner for the Defense Department s 10 year JEDI cloud computing project before Presi,nytimesbusiness,1188427390751576064,140,2019-10-27 12:09:04,SocialFlow,3,3
93,Amazon was considered a front runner for the Defense Department s 10 year JEDI cloud computing project before Presi,nytimesbusiness,1188366491697192961,140,2019-10-27 08:07:05,SocialFlow,10,8
94,Amazon was considered a front runner for the Defense Department s 10 year JEDI cloud computing project before Presi,nytimesbusiness,1188311627122249728,140,2019-10-27 04:29:04,SocialFlow,2,1
95,Amazon was considered a front runner for the Defense Department s 10 year JEDI cloud computing project before Presi,nytimesbusiness,1188251224920997894,140,2019-10-27 00:29:03,SocialFlow,5,4
96,Amazon was considered a front runner for the Defense Department s 10 year JEDI cloud computing project before Presi,nytimesbusiness,1188190331055038466,140,2019-10-26 20:27:05,SocialFlow,4,10
97,Amazon was considered a front runner for the Defense Department s 10 year JEDI cloud computing project before Presi,nytimesbusiness,1188131189409878016,140,2019-10-26 16:32:04,SocialFlow,9,7
98,Amazon was considered a front runner for the Defense Department s 10 year JEDI cloud computing project before Presi,nytimesbusiness,1187941969739300865,140,2019-10-26 04:00:11,SocialFlow,11,5
99,Why George Soros is very proud of the enemies he has the formidable challenges to saving WeWork what to make of,nytimesbusiness,1187756868812312576,140,2019-10-25 15:44:39,SocialFlow,4,3
100,Reporting more sales but less profit than analysts expected Amazon said sales rose 24 percent in the latest quarte,nytimesbusiness,1187615538874343425,140,2019-10-25 06:23:03,SocialFlow,10,5
101,RT Who needs Cheetos that fast One day shipping s boosting sales amp Amazon s spending heavily on AWS sales staff It s back in,nytimesbusiness,1187501796484435969,143,2019-10-24 22:51:05,SocialFlow,0,1
102,Amazon earnings profit falls sharply as company buys growth,nytimesbusiness,1187463293578944512,84,2019-10-24 20:18:05,SocialFlow,1,0
103,We don t think food should be any different than what you buy on Amazon McDonald s chief information officer said,nytimesbusiness,1186887251831205888,140,2019-10-23 06:09:06,SocialFlow,2,1
104,McDonald s has spent hundreds of millions of dollars to acquire technology companies that specialize in artificial,nytimesbusiness,1186846718240972805,139,2019-10-23 03:28:02,SocialFlow,8,8
105,RT Big Mac meets Big Tech McDonald s wants to transform itself into a saltier greasier version of Amazon,nytimesbusiness,1186701524023558146,140,2019-10-22 17:51:05,SocialFlow,0,10
106,Long gone are the days when Amazon sat on the sidelines in its hometown elections In this week s newsletter,nytimesbusiness,1185385350195306500,134,2019-10-19 02:41:05,SocialFlow,1,1
107,RT ECarson Tech Futures Fall On Amazon But This Dow Giant Signals A Breakout AMZN INTC ILMN FSLR V http,IBDinvestors,1187540219962232834,140,2019-10-25 01:23:46,Hootsuite Inc.,0,3
108,Amazon Intel Twitter Lead Thursday Earnings Investing Action Plan,IBDinvestors,1187078873734737920,92,2019-10-23 18:50:33,dlvr.it,1,1
109,If you can t feed a team with two pizzas it s too large Jeff Bezos Founder amp CEO of Amazon,IBDinvestors,1187006421931642881,101,2019-10-23 14:02:39,Hootsuite Inc.,6,1
110,Growth Stocks And How To Catch Big Breakouts Such As Amazon Consult This Weekly IBD Feature,IBDinvestors,1186386058436431872,140,2019-10-21 20:57:32,dlvr.it,6,2
111,Amazon s Q3 Earnings Show Company Invested Billions in Prime One Day Delivery,observer,1187869955812929536,125,2019-10-25 23:14:01,Buffer,1,1
112,Jeff Bezos Lost World s Richest Man Status Then Reclaimed It Overnight,observer,1187846052151484417,120,2019-10-25 21:39:02,Buffer,3,1
113,Amazon Sellers Accused of Shipping Expired Food Including Baby Formula,observer,1187702607495741448,119,2019-10-25 12:09:02,Buffer,2,1
114,Amazon Sellers Accused of Shipping Expired Food Including Baby Formula,observer,1187019600812220416,119,2019-10-23 14:55:01,Buffer,0,1
115,How Much Does It Cost to Fight in the Streaming Wars,observer,1187007035591839749,101,2019-10-23 14:05:05,Buffer,1,0
116,RT Katzby Netflix Disney Apple oh my The table stakes of streaming are simply astronomical,observer,1186994170117926913,136,2019-10-23 13:13:58,TweetDeck,0,10
117,OneWeb CEO Discusses Satellite Broadband Race With SpaceX and Amazon,observer,1186036879818399745,116,2019-10-20 21:50:02,Buffer,1,1
118,How to recycle all of your Amazon packaging,mashable,1188382111285370880,92,2019-10-27 09:09:09,SocialFlow,35,17
119,Microsoft got a big win over Amazon to close out the week,mashable,1188126914529103874,82,2019-10-26 16:15:05,SocialFlow,35,11
120,Amazon joins Facebook and Microsoft to fight deepfakes,thenextweb,1186842936664903681,78,2019-10-23 03:13:01,SocialFlow,6,1
121,Amazon joins Facebook and Microsoft to fight deepfakes,thenextweb,1186579552438575114,78,2019-10-22 09:46:25,SocialFlow,2,2
122,Amazon joins Facebook and Microsoft to fight deepfakes,thenextweb,1186558394225872896,78,2019-10-22 08:22:21,SocialFlow,4,3
123,Amazon joins Facebook and Microsoft to fight deepfakes,thenextweb,1186528922042818565,78,2019-10-22 06:25:14,SocialFlow,6,7
124,Amazon is an ecommerce site a fashion designer advertising business cloud computing provider tv and movie produ,WIRED,1188304082706010112,140,2019-10-27 03:59:05,SocialFlow,193,65
125,RT In a huge upset the Pentagon awarded the JEDI contract worth up to 10 bil to Microsoft Amazon had been considered the,WIRED,1187901356016713729,139,2019-10-26 01:18:48,Twitter for iPhone,0,42
126,RT Amazon statement We re surprised about this conclusion AWS is the clear leader in cloud computing We remain deeply com,WIRED,1187901330565656576,140,2019-10-26 01:18:42,Twitter for iPhone,0,20
127,The Echo Dot is one of the more basic smart home products you can own And right now it s as cheap as we ve seen it,WIRED,1187480695037419520,140,2019-10-24 21:27:14,SocialFlow,31,4
128,The Pentagon has said it had awarded more than 11 billion across 10 separate cloud contracts over the past two yea,tech2eets,1187954866880241664,140,2019-10-26 04:51:26,Buffer,9,1
129,OnePlus7TProMcLarenEdition is now available for purchase on Amazon Check out s review of the,tech2eets,1187621854531350529,133,2019-10-25 06:48:09,TweetDeck,4,1
130,RedmiNote8 and RedmiNote8pro to go on sale today at 12 pm Here are all the launch offers pricing and specificat,tech2eets,1187555140930129920,140,2019-10-25 02:23:03,TweetDeck,15,4
131,The TV app is available globally including India starting from today on the 2nd gen Fire TV Stic,tech2eets,1187406389506764802,140,2019-10-24 16:31:58,Twitter Web App,12,4
132,RedmiNote8 and RedmiNote8Pro to go on sale tomorrow at 12 pm on Here are the specs and pricing of the,tech2eets,1187318834291601409,140,2019-10-24 10:44:04,TweetDeck,6,4
133,From honor20i to huaweip30lite here are the best smartphone deals that you can grab from the ongoing,tech2eets,1186578876182319105,129,2019-10-22 09:43:44,TweetDeck,7,2
134,For the third time in two months India is back with another sale From redmi6a to iphonexr here are t,tech2eets,1186126641212227585,140,2019-10-21 03:46:43,TweetDeck,6,2
135,A 16 year old environmental activist has filed a petition against e commerce platforms,tech2eets,1185800977300897793,140,2019-10-20 06:12:38,TweetDeck,43,16
136,Amazon Echo Dot with clock review time is on its side,verge,1188258010277265408,102,2019-10-27 00:56:01,Sprout Social,83,8
137,Microsoft wins the Pentagon s 10 billion JEDI cloud contract beating out Amazon,verge,1187868688583741442,129,2019-10-25 23:08:59,Vox Media,210,56
138,RT Amazon Echo Dot with clock review time is on its side,verge,1187743379175677952,118,2019-10-25 14:51:03,TweetDeck,0,6
139,Apple TV app launches on Amazon Fire TV devices,verge,1187546321466646528,95,2019-10-25 01:48:01,Sprout Social,60,15
140,Amazon is spending billions on shipping as it makes Prime one day delivery a reality,verge,1187472499308560385,132,2019-10-24 20:54:40,Vox Media,60,19
141,RT Amazon is offering an Echo Dot for 99 cents with an Amazon Music Unlimited subscription,verge,1187450753465667585,140,2019-10-24 19:28:16,TweetDeck,0,3
142,Twitch megastar Shroud is joining Ninja on Mixer as an exclusive streamer,verge,1187418975644327937,121,2019-10-24 17:21:59,Vox Media,690,112
143,Amazon is offering an Echo Dot for 99 cents with an Amazon Music Unlimited subscription,verge,1187397478326456320,135,2019-10-24 15:56:34,Vox Media,56,12
144,Apple TV app launches on Amazon Fire TV devices,verge,1187365250112413699,95,2019-10-24 13:48:30,Vox Media,120,30
145,RT Google s Pixel 4 in black with 64GB of storage is 699 99 on Amazon This is 100 off its normal price and a great deal on,verge,1187030348288409601,140,2019-10-23 15:37:43,TweetDeck,0,15
146,Google s Pixel 4 is 100 off on Amazon again,verge,1187026379331854336,94,2019-10-23 15:21:57,TweetDeck,72,13
147,Amazon Echo Dot with clock review time is on its side,verge,1186828088501510146,102,2019-10-23 02:14:01,Sprout Social,64,8
148,Google s Pixel 4 is already 100 off on Amazon,verge,1186739769826516992,94,2019-10-22 20:23:04,Vox Media,168,33
149,Amazon Echo Dot with clock review time is on its side,verge,1186643413678116866,102,2019-10-22 14:00:11,Vox Media,83,13
150,New Watch Parties feature lets streamers watch Amazon Prime with their viewers on Twitch,verge,1186515276503891968,138,2019-10-22 05:31:00,Sprout Social,71,11
151,RT Amazon s latest Kindle Paperwhite is 89 99 which is 40 cheaper than usual You can find a cheaper Kindle but this is th,verge,1186369662415708160,140,2019-10-21 19:52:23,TweetDeck,0,11
152,New Watch Parties feature lets streamers watch Amazon Prime with their viewers on Twitch,verge,1186332282937921537,138,2019-10-21 17:23:51,Vox Media,97,15
153,RT Vizio s 75 inch P Series Quantum 4K TV is 1 599 at Amazon Its Quantum Dot tech brings the picture quality much closer to,verge,1185289730126237697,139,2019-10-18 20:21:07,TweetDeck,0,8
154,is looking to open as many as 3 000 of its cashier free Go stores in 2021,DigitalTrends,1188498088605831168,107,2019-10-27 16:50:00,Twitter Media Studio,10,2
155,Apple TV app hits Fire TV devices in preparation for Apple TV launch,DigitalTrends,1187418241263493120,101,2019-10-24 17:19:04,dlvr.it,4,2
156,Get an Echo Dot for 1 with an Music Unlimited subscription,DigitalTrends,1187174883853094912,91,2019-10-24 01:12:03,dlvr.it,8,0
157,New Amazon Fire TV Cube Unboxing and Review The Power User s Streaming Device,DigitalTrends,1187084294935711747,104,2019-10-23 19:12:05,IFTTT,6,3
158,How does Prime Now work,DigitalTrends,1187068808931885056,56,2019-10-23 18:10:33,dlvr.it,4,1
159,One of the best gaming keyboards the Corsair K63 is discounted on,DigitalTrends,1187048299863265281,101,2019-10-23 16:49:03,dlvr.it,6,2
160,The 10 5 inch Apple iPad Pro is at its best price on today,DigitalTrends,1186678372564291584,91,2019-10-22 16:19:06,dlvr.it,1,0
161,The AppleWatch Series 3 is down to its most affordable price on at 189,DigitalTrends,1186670431433945088,104,2019-10-22 15:47:32,dlvr.it,11,2
162,The DeLonghi Nespresso Latissima One is discounted by 164 on,DigitalTrends,1186359887514632192,93,2019-10-21 19:13:33,dlvr.it,3,0
163,is looking to open as many as 3 000 of its cashier free Go stores in 2021,DigitalTrends,1186261098795679744,107,2019-10-21 12:41:00,Twitter Media Studio,7,5
164,is looking to open as many as 3 000 of its cashier free Go stores in 2021,DigitalTrends,1185898710699593734,107,2019-10-20 12:41:00,Twitter Media Studio,20,7
165,Avoid the Krack attack that could break your Echo and Kindle s back,DigitalTrends,1185338904519462913,100,2019-10-18 23:36:32,dlvr.it,4,1
166,In the Amazon deforestation is linked to higher malaria by,arstechnica,1186305899163521029,99,2019-10-21 15:39:01,Ars tweetbot,14,11
