,tweets,user,id,len,date,source,likes,retweets
0,Dolby is working to improve the audio visual experience on the go by bringing its Atmos and Vision technologies to,CNBC,1188229317974806528,139,2019-10-26 23:02:00,Twitter Media Studio,11,6
1,Here are the best calls of the week on Wall Street,CNBC,1188057588040175616,74,2019-10-26 11:39:36,SocialFlow,8,0
2,Apple s Beats just announced new noise canceling headphones with Hey Siri,CNBC,1188055572324728833,99,2019-10-26 11:31:36,SocialFlow,22,8
3,Cramer s week ahead Alphabet Beyond Meat GM Facebook and Apple earnings plus the Fed,CNBC,1187875187229954049,114,2019-10-25 23:34:48,SocialFlow,11,4
4,RT Big tech is on deck for earnings next week with Facebook Apple and Alphabet reporting Carter Worth of research sa,CNBC,1187855257700884483,140,2019-10-25 22:15:37,Twitter for iPhone,0,16
5,RT Aside from Apple and Facebook here are the most important earnings reports to watch next week according to a,CNBC,1187855042298220544,140,2019-10-25 22:14:46,Twitter for iPhone,0,5
6,RT Investor or trader here s how would approach Apple s earnings report next week AAPL,CNBC,1187855002955595776,140,2019-10-25 22:14:36,Twitter for iPhone,0,12
7,Take a look inside the factory where robots work 24 7 to make the glass on your iPhone,CNBC,1187853843918442496,135,2019-10-25 22:10:00,Twitter Media Studio,24,22
8,United Airlines in early talks with Apple to revamp San Francisco airport terminal,CNBC,1187814720360853510,106,2019-10-25 19:34:32,SocialFlow,23,11
9,The Fed and Apple earnings will make or break market s return to record highs in the week ahead,CNBC,1187807186761723905,119,2019-10-25 19:04:36,SocialFlow,16,4
10,LISTEN NOW Amazon shares fell following a Q3 earnings miss so what does this mean for investors Learn more on t,CNBC,1187761485784768512,140,2019-10-25 16:03:00,Twitter Media Studio,6,4
11,Once a strong proponent of AI and self driving cars Apple co founder Steve Wozniak says he doesn t think either wi,CNBC,1187682510584647680,140,2019-10-25 10:49:11,SocialFlow,40,13
12,Apple s TV app is now on Amazon Fire TV devices ahead of next week s streaming service launch,CNBC,1187675514959548418,117,2019-10-25 10:21:23,SocialFlow,10,3
13,Former Apple lawyer Gene Levoff is facing criminal charges related to insider trading of Apple stock,CNBC,1187653945197502465,125,2019-10-25 08:55:40,SocialFlow,43,15
14,iPhone update leaves Apple fans fuming over deleted emails,CNBC,1187516786947825671,82,2019-10-24 23:50:39,SocialFlow,15,8
15,Former Apple lawyer Gene Levoff is facing criminal charges related to insider trading of Apple stock,CNBC,1187471666139369472,125,2019-10-24 20:51:22,SocialFlow,12,16
16,Former Apple lawyer in charge of preventing insider trading indicted for insider trading,CNBC,1187471152349732864,112,2019-10-24 20:49:19,SocialFlow,486,226
17,Once a strong proponent of AI and self driving cars Apple co founder Steve Wozniak says he doesn t think either wi,CNBC,1187457907371233285,140,2019-10-24 19:56:41,SocialFlow,25,17
18,LISTEN NOW The busiest day of the earnings season started with a morning of wild earnings swings Learn more on th,CNBC,1187394315858767873,140,2019-10-24 15:44:00,Twitter Media Studio,7,3
19,RT Nordstrom s New York flagship opens today 7 floors 320k sq ft of designer brands eateries and bars spa services a sh,CNBC,1187369848181088256,140,2019-10-24 14:06:46,Twitter Web App,0,24
20,Apple s TV app is now on Amazon Fire TV devices ahead of next week s streaming service launch,CNBC,1187360726635208706,117,2019-10-24 13:30:31,SocialFlow,19,8
21,In 2007 Apple CEO Steve Jobs sat down with CNBC to discuss the unveiling of the company s newest product the iPho,CNBC,1187358077118504962,140,2019-10-24 13:20:00,Twitter Media Studio,86,35
22,Apple s TV service will grow like crazy and be a 9 billion business by 2025 Morgan Stanley says,CNBC,1187297397040472065,121,2019-10-24 09:18:53,SocialFlow,28,16
23,RT A new street high for Apple Morgan Stanley s Katy Huberty raising her target on the stock to 289 from 247 Check out,CNBC,1187066140297781251,140,2019-10-23 17:59:57,Twitter Web App,0,11
24,Apple s TV service will grow like crazy and be a 9 billion business by 2025 Morgan Stanley says,CNBC,1187044183292481537,121,2019-10-23 16:32:42,SocialFlow,27,15
25,It s a busy day From Boeing and Caterpillar s earnings misses to Mark Zuckerberg s Congressional testimony and m,CNBC,1187019221173243907,140,2019-10-23 14:53:30,Twitter Media Studio,7,1
26,Here are the biggest analyst calls of the day Apple Alphabet Coca Cola amp more,CNBC,1186982430047125505,108,2019-10-23 12:27:19,SocialFlow,10,3
27,Disney is not fixated on lower price of Apple s streaming service CEO Bob Iger says,CNBC,1186936641056903168,110,2019-10-23 09:25:22,SocialFlow,7,5
28,Apple CEO Tim Cook says he s taking on climate change and needs backup,CNBC,1186933966886096896,94,2019-10-23 09:14:44,SocialFlow,66,20
29,Disney is not fixated on lower price of Apple s streaming service CEO Bob Iger says,CNBC,1186720711169196032,110,2019-10-22 19:07:20,SocialFlow,11,5
30,LISTEN NOW Earnings continue to roll in with P amp G rising on strong demand and McDonald s seeing a miss Learn more,CNBC,1186683633039335424,143,2019-10-22 16:40:00,Twitter Media Studio,9,1
31,RT Apple s Tim Cook received a sustainability award and took the opportunity to call for help addressing climate change,CNBC,1186634074284314625,140,2019-10-22 13:23:04,Twitter Web App,0,5
32,Here are the biggest analyst calls of the day Bank of America Apple Electronic Arts amp more,CNBC,1186626994068512769,121,2019-10-22 12:54:56,SocialFlow,11,6
33,Apple CEO Tim Cook says he s taking on climate change and needs backup,CNBC,1186626994047455233,94,2019-10-22 12:54:56,SocialFlow,38,14
34,Deutsche Bank says an Apple earnings beat on strong iPhone demand is priced in,CNBC,1186609099535978496,104,2019-10-22 11:43:50,SocialFlow,8,2
35,Here s why Apple shares could rally another 25 AAPL via,CNBC,1186600869762076672,98,2019-10-22 11:11:07,SocialFlow,24,5
36,Billionaire Warren Buffett a major Apple investor uses a 20 flip phone,CNBC,1186584255352193024,98,2019-10-22 10:05:06,SocialFlow,97,40
37,Apple starts building last year s most popular iPhone model in India,CNBC,1186574885251899393,92,2019-10-22 09:27:52,SocialFlow,33,15
38,Josh Brown In the time of China and Trump Apple may be better off with Tim Cook as CEO,CNBC,1186569395360993282,112,2019-10-22 09:06:03,SocialFlow,13,5
39,Google makes a bold attempt with its latest phone but it still falls short of Samsung and Apple,CNBC,1186559299092242432,120,2019-10-22 08:25:56,SocialFlow,10,5
40,Antitrust laws have been out of the spotlight for decades but now they re affecting Amazon Apple Google and Fac,CNBC,1186523578344210432,140,2019-10-22 06:04:00,Twitter Media Studio,23,11
41,Everything Jim Cramer said on Mad Money including Apple s records S amp P 500 projections StockX,CNBC,1186433168301273088,125,2019-10-22 00:04:44,SocialFlow,23,3
42,Apple is on fire and helping the chip stocks rally Jim Cramer says,CNBC,1186417531520765954,91,2019-10-21 23:02:36,SocialFlow,19,11
43,Why Apple s all time stock market high could reach 280 by year end,CNBC,1186381141340766210,91,2019-10-21 20:38:00,SocialFlow,23,8
44,All major indices closed in the green today boosted by optimism around U S China trade talks and earnings season,CNBC,1186375161194471424,140,2019-10-21 20:14:14,Wildmoka,24,23
45,Here s what happened to the stock market on Monday,CNBC,1186374026937163776,74,2019-10-21 20:09:44,SocialFlow,11,10
46,RT Apple hitting a record high Raymond James upping its price target on the stock to a street high of 280 The desk deba,CNBC,1186351164243107840,140,2019-10-21 18:38:53,Twitter Web App,0,10
47,Josh Brown In the time of China and Trump Apple may be better off with Tim Cook as CEO,CNBC,1186345052651638785,112,2019-10-21 18:14:36,SocialFlow,15,10
48,LISTEN NOW Boeing remains under pressure after messages were released that called into question safety features of,CNBC,1186312437345214465,140,2019-10-21 16:05:00,Twitter Media Studio,9,4
49,Stocks making the biggest moves midday Coty Boeing HPE Apple IBM amp more,CNBC,1186304811156852736,104,2019-10-21 15:34:42,SocialFlow,10,3
50,Here are the biggest analyst calls of the day Boeing Apple Amazon eBay amp more,CNBC,1186267123263397891,109,2019-10-21 13:04:56,SocialFlow,9,2
51,Google makes a bold attempt with its latest phone but it still falls short of Samsung and Apple,CNBC,1186266599751344130,120,2019-10-21 13:02:51,SocialFlow,7,5
52,Raymond James raises Apple outlook sees the shares rallying nearly 20 from here,CNBC,1186253571324567552,105,2019-10-21 12:11:05,SocialFlow,13,2
53,Ever wanted to save your money like the wealthy do Goldman Sachs is pivoting to serve the average American consume,CNBC,1186070342105743361,140,2019-10-21 00:03:00,Twitter Media Studio,30,9
54,Apple removed an app that protesters in Hong Kong have used to track police movements from its app store saying it,CNBC,1185841139590553600,140,2019-10-20 08:52:14,SocialFlow,24,14
55,RT newburger Some researchers say the rise of the lab grown meat could actually make climate change worse depending on how the comp,CNBC,1185567330882990081,140,2019-10-19 14:44:13,TweetDeck,0,10
56,Why big tech companies keep pouring money into hardware when Apple still dominates,CNBC,1185542084444467201,106,2019-10-19 13:03:53,SocialFlow,9,4
57,Billionaire Warren Buffett a major Apple investor uses a 20 flip phone,CNBC,1185512201534263297,98,2019-10-19 11:05:09,SocialFlow,115,33
58,Apple s newest iPhone relies on cameras to hide its lack of innovation,CNBC,1185430162395062273,95,2019-10-19 05:39:09,SocialFlow,110,42
59,Lawmakers criticize Apple CEO Tim Cook for censorship of apps in China,CNBC,1185318603492601856,96,2019-10-18 22:15:51,SocialFlow,33,22
60,LISTEN NOW China posted its slowest GDP gain in 27 years amid fallout from the trade war Learn more on the,CNBC,1185210677343981568,133,2019-10-18 15:07:00,Twitter Media Studio,11,4
61,Tim Cook Joins Business School In China As Board Member AAPL,Benzinga,1186574444753543169,85,2019-10-22 09:26:07,TweetDeck,1,5
62,What usually happens after Apple AAPL breaks out,BreakoutStocks,1187902547949805568,74,2019-10-26 01:23:32,TopBreakoutStocks,0,0
63,Apple AAPL cracks FANG now outperforming the group since the start of 2017 over the last 12 months and YTD,bespokeinvest,1187085200184041472,138,2019-10-23 19:15:41,Twitter Web App,9,3
64,The combined market cap of Apple and Microsoft is just one PayPal 114 bln from overtaking the total market cap o,bespokeinvest,1187043468331409412,140,2019-10-23 16:29:51,TweetDeck,15,3
65,RT What s driving the growing gap in gasoline prices across the U S and I discuss for,WSJmarkets,1187452283069575169,140,2019-10-24 19:34:20,Twitter Web App,0,1
66,Nokia the once dominant cellphone company has become a shadow of its former self,WSJmarkets,1187440628466180099,106,2019-10-24 18:48:02,SocialFlow,1,4
67,WeWork will add about 10 million square feet of office space in the United States and Britain this year or more th,nytimesbusiness,1187645225730297857,140,2019-10-25 08:21:01,SocialFlow,4,3
68,Our columnist tested a 900 Google Pixel 4 XL side by side with Apple s new 1 000 iPhone 11 Pro for about a week,nytimesbusiness,1186523084255313920,139,2019-10-22 06:02:02,SocialFlow,93,31
69,Face scanner More like facepalm Google needs to do better to compete with Apple and Samsung in the premium hands,nytimesbusiness,1186361784757829634,140,2019-10-21 19:21:05,SocialFlow,1,0
70,Dollar for dollar Google s new Pixel 4 pales against the latest Apple iPhones and Samsung Galaxy phones Here s wh,nytimesbusiness,1186315972430434304,140,2019-10-21 16:19:03,SocialFlow,4,2
71,Nowadays handset makers like Apple and Samsung are shifting focus to the algorithms artificial intelligence and s,nytimesbusiness,1185414280377712640,140,2019-10-19 04:36:03,SocialFlow,8,3
72,Apple Facebook Alphabet Exxon Fed Meeting Lead Investing Action Plan,IBDinvestors,1187790687032373248,96,2019-10-25 17:59:02,dlvr.it,2,0
73,How To Trade Top Stocks Why Apple Nvidia Breakouts Still Worked Despite Light Volume,IBDinvestors,1187385018718375936,136,2019-10-24 15:07:03,dlvr.it,2,2
74,Life is fragile We re not guaranteed a tomorrow so give it everything you ve got Tim Cooke CEO of Apple,IBDinvestors,1186281407854694406,110,2019-10-21 14:01:42,Hootsuite Inc.,15,8
75,How Much Does It Cost to Fight in the Streaming Wars,observer,1187007035591839749,101,2019-10-23 14:05:05,Buffer,1,0
76,RT Katzby Netflix Disney Apple oh my The table stakes of streaming are simply astronomical,observer,1186994170117926913,136,2019-10-23 13:13:58,TweetDeck,0,10
77,As Netflix Burns Cash amp Loses Daily Users Can the Company Compete With New Services,observer,1186054996472860673,137,2019-10-20 23:02:01,Buffer,1,1
78,Meet Daisy Apple s recycling robot,mashable,1188061209851060224,59,2019-10-26 11:54:00,Twitter Media Studio,89,33
79,Donald Trump has a message for Tim Apple about iPhone design,mashable,1187868959716052993,86,2019-10-25 23:10:04,SocialFlow,456,136
80,You had one job,mashable,1187562198916308992,40,2019-10-25 02:51:06,SocialFlow,25,10
81,Apple hits number one in yet another category,mashable,1187025150530732034,69,2019-10-23 15:17:04,SocialFlow,22,14
82,Apple TV s lineup looks pretty great so far,mashable,1185541160909099008,68,2019-10-19 13:00:13,SocialFlow,6,2
83,Looks like Google s coming for Apple s crown,mashable,1185218227019886592,68,2019-10-18 15:37:00,Twitter Media Studio,35,6
84,Apple s latest launch event shows the limitation of internal innovation,thenextweb,1188500877004423168,95,2019-10-27 17:01:05,SocialFlow,6,2
85,GameClub is the Apple Arcade of classic iOS games same price too,thenextweb,1188250176449847298,90,2019-10-27 00:24:53,SocialFlow,11,1
86,GameClub is the Apple Arcade of classic iOS games same price too,thenextweb,1188109933889425408,90,2019-10-26 15:07:36,SocialFlow,3,2
87,The iPhone Pro 11 s 4k 60fps recording gives it a leg up on the Pixel 4,thenextweb,1188108305509560320,95,2019-10-26 15:01:08,SocialFlow,4,0
88,GameClub is the Apple Arcade of classic iOS games same price too,thenextweb,1187980744574062594,90,2019-10-26 06:34:15,SocialFlow,4,2
89,Apple and Google remove 50 malicious apps that stole your data,thenextweb,1187960459732889600,87,2019-10-26 05:13:39,SocialFlow,12,12
90,GameClub is the Apple Arcade of classic iOS games same price too,thenextweb,1187882431128522753,90,2019-10-26 00:03:36,SocialFlow,5,1
91,Apple and Google remove 50 malicious apps that stole your data,thenextweb,1187870885212053504,87,2019-10-25 23:17:43,SocialFlow,9,6
92,Apple and Google remove 50 malicious apps that stole your data,thenextweb,1187779512546877441,87,2019-10-25 17:14:38,SocialFlow,11,7
93,Apple and Google remove 50 malicious apps that stole your data,thenextweb,1187688656414367745,87,2019-10-25 11:13:36,SocialFlow,19,17
94,Apple and Google remove 50 malicious apps that stole your data,thenextweb,1187631972702707712,87,2019-10-25 07:28:22,SocialFlow,14,9
95,The iPhone Pro 11 s 4k 60fps recording gives it a leg up on the Pixel 4,thenextweb,1186795037646036992,95,2019-10-23 00:02:41,SocialFlow,3,0
96,The iPhone Pro 11 s 4k 60fps recording gives it a leg up on the Pixel 4,thenextweb,1186583317950451719,95,2019-10-22 10:01:23,SocialFlow,4,2
97,The iPhone Pro 11 s 4k 60fps recording gives it a leg up on the Pixel 4,thenextweb,1186302945438109704,95,2019-10-21 15:27:17,SocialFlow,4,3
98,Report Apple will announce AirPods Pro with noise cancelling this month,thenextweb,1185517637159325697,96,2019-10-19 11:26:45,SocialFlow,11,3
99,Report Apple will announce AirPods Pro with noise cancelling this month,thenextweb,1185429418279428097,96,2019-10-19 05:36:12,SocialFlow,20,12
100,Report Apple will announce AirPods Pro with noise cancelling this month,thenextweb,1185333809195180032,96,2019-10-18 23:16:17,SocialFlow,21,12
101,Report Apple will announce AirPods Pro with noise cancelling this month,thenextweb,1185269190543970304,96,2019-10-18 18:59:30,SocialFlow,17,8
102,The iPhone 11 convinced me that Apple s a photography powerhouse again,thenextweb,1185244684647620608,94,2019-10-18 17:22:08,SocialFlow,9,2
103,The iPhone remains one of the most secure consumer devices you can buy thanks in large part to the locked down eco,WIRED,1188024007221829632,140,2019-10-26 09:26:10,SocialFlow,92,47
104,A new study reveals your Uber tipping behavior and malware hits Apple s App Store Here s the new to know today,WIRED,1187843463758397450,139,2019-10-25 21:28:45,SocialFlow,19,7
105,The App Store is not perfect,WIRED,1187780645013151744,54,2019-10-25 17:19:08,SocialFlow,35,29
106,Apple is betting on marquee names and lush production to get its TV service off the ground Will it work,WIRED,1186541395030499329,130,2019-10-22 07:14:48,SocialFlow,32,13
107,RT In this month s dives into Apple s efforts to make a splash in original programming Despite having ve,WIRED,1186278506453446657,140,2019-10-21 13:50:10,Twitter Web App,0,5
108,Apple single handedly changed how people consumed entertainment It didn t invent MP3s or smartphones it found a w,WIRED,1186275860237688833,140,2019-10-21 13:39:39,SocialFlow,67,30
109,The TV app is available globally including India starting from today on the 2nd gen Fire TV Stic,tech2eets,1187406389506764802,140,2019-10-24 16:31:58,Twitter Web App,12,4
110,s rumoured AR headset will reportedly work in tandem with the iPhone to display text messages emails maps,tech2eets,1186543368320344064,140,2019-10-22 07:22:38,TweetDeck,5,3
111,After slashing the prices of iPhoneXR aims at expanding market share by starts selling iPhone XR assemble,tech2eets,1186470018260713473,140,2019-10-22 02:31:10,TweetDeck,13,4
112,s iPhone XR with the tag Designed by Apple in California Assembled in India is now reportedly available,tech2eets,1186277999194193922,140,2019-10-21 13:48:09,Twitter Web App,23,8
113,airpodspro with noise cancellation could launch as early as end of this month,tech2eets,1186168404123607040,111,2019-10-21 06:32:40,TweetDeck,7,1
114,Dan Ives an analyst at market research firm Wedbush says that all the models of the 2020 iPhones would be 5G read,tech2eets,1185446107071025152,140,2019-10-19 06:42:31,Buffer,6,0
115,How to turn GIFs into a wallpaper for your Apple Watch,verge,1188182011699171329,102,2019-10-26 19:54:01,Sprout Social,164,25
116,How to add and change watchfaces on your Apple Watch,verge,1188077856162811904,100,2019-10-26 13:00:08,Vox Media,55,8
117,Apple pays United so much for corporate travel it may help upgrade its SFO terminal,verge,1187983703198371840,131,2019-10-26 06:46:01,Sprout Social,96,18
118,Donald Trump wants the iPhone home button back,verge,1187870585751257093,94,2019-10-25 23:16:31,Vox Media,485,82
119,Apple pays United so much for corporate travel it may help upgrade its SFO terminal,verge,1187798950432120832,131,2019-10-25 18:31:52,Vox Media,95,20
120,Vergecast reviewing the Pixel 4 and the calm before the streaming wars,verge,1187749514075086848,119,2019-10-25 15:15:26,Vox Media,69,7
121,How to keep your Apple Watch quiet,verge,1187621567859220481,82,2019-10-25 06:47:01,Sprout Social,37,2
122,How to change the Apple Watch s honeycomb app display to a list,verge,1187572493818716161,111,2019-10-25 03:32:01,Sprout Social,58,12
123,Apple TV app launches on Amazon Fire TV devices,verge,1187546321466646528,95,2019-10-25 01:48:01,Sprout Social,60,15
124,How to swim with and dry out your Apple Watch,verge,1187540281605926912,95,2019-10-25 01:24:01,Sprout Social,45,8
125,How to keep your Apple Watch quiet,verge,1187440416733487108,82,2019-10-24 18:47:11,Vox Media,47,8
126,How to change the Apple Watch s honeycomb app display to a list,verge,1187391537535213570,111,2019-10-24 15:32:57,Vox Media,82,23
127,Apple TV app launches on Amazon Fire TV devices,verge,1187365250112413699,95,2019-10-24 13:48:30,Vox Media,120,30
128,How to swim with and dry out your Apple Watch,verge,1187358290038136837,95,2019-10-24 13:20:51,Vox Media,81,9
129,How to take and view screenshots on an Apple Watch,verge,1187248105940488192,98,2019-10-24 06:03:01,Sprout Social,67,10
130,How to turn GIFs into a wallpaper for your Apple Watch,verge,1187238794799529984,102,2019-10-24 05:26:01,Sprout Social,222,31
131,How to take and view screenshots on an Apple Watch,verge,1187073721829330949,98,2019-10-23 18:30:04,Vox Media,41,6
132,How to turn GIFs into a wallpaper for your Apple Watch,verge,1187057844132237313,102,2019-10-23 17:26:59,Vox Media,194,24
133,Fender s new app is a giant chord library that integrates with Apple Music,verge,1186810274826903554,122,2019-10-23 01:03:14,Sprout Social,77,12
134,Fender s new app is a giant chord library that integrates with Apple Music,verge,1186628296580173824,122,2019-10-22 13:00:07,Vox Media,50,10
135,Serato s new versions of its DJ software are compatible with macOS Catalina,verge,1186557052849709056,123,2019-10-22 08:17:01,Sprout Social,53,7
136,Adobe is reportedly bringing Illustrator to the iPad in 2020,verge,1186420337740832768,108,2019-10-21 23:13:45,Vox Media,320,51
137,Tim Cook to serve as chairman at Chinese business school amid Hong Kong outcry,verge,1186377088200249345,126,2019-10-21 20:21:54,Vox Media,741,618
138,Serato s new versions of its DJ software are compatible with macOS Catalina,verge,1186371616781099008,123,2019-10-21 20:00:09,Vox Media,49,10
139,Luna Display turns your Mac into a secondary display for your other Mac,verge,1186122942788374528,119,2019-10-21 03:32:01,Sprout Social,118,18
140,Latest macOS Catalina beta hints at new 16 inch MacBook Pro,verge,1185412763423784960,107,2019-10-19 04:30:01,Sprout Social,125,20
141,Here s how Google Pixel Buds 2 and its wireless earbud competition actually look in your ear,verge,1185406723223379969,140,2019-10-19 04:06:01,Sprout Social,115,14
142,Luna Display turns your Mac into a secondary display for your other Mac,verge,1185329212980453376,119,2019-10-18 22:58:01,Sprout Social,76,7
143,You can now subscribe to Twitch streamers on iOS if you pay the Apple tax,verge,1185298780670824450,122,2019-10-18 20:57:05,Vox Media,43,9
144,RT Vizio s 75 inch P Series Quantum 4K TV is 1 599 at Amazon Its Quantum Dot tech brings the picture quality much closer to,verge,1185289730126237697,139,2019-10-18 20:21:07,TweetDeck,0,8
145,AOC and Ted Cruz call out Apple for dropping Hong Kong app in joint letter,verge,1185280733792931840,122,2019-10-18 19:45:23,Vox Media,766,616
146,Latest macOS Catalina beta hints at new 16 inch MacBook Pro,verge,1185232006399041537,107,2019-10-18 16:31:45,Vox Media,118,24
147,Here s how Google Pixel Buds 2 and its wireless earbud competition actually look in your ear,verge,1185226075456069633,140,2019-10-18 16:08:11,Vox Media,98,15
148,Here s what we know right now about the Apple 5G phone,DigitalTrends,1188290593597935616,80,2019-10-27 03:05:29,Twitter Web App,9,4
149,CEO hints at fully autonomous mode and cybertrunk of Flipboard and b,DigitalTrends,1188256496645234688,140,2019-10-27 00:50:00,Twitter Media Studio,7,1
150,AMC is throwing its hat in the ring to compete with streaming of and break it,DigitalTrends,1188249953732136960,140,2019-10-27 00:24:00,Twitter Media Studio,6,1
151,CEO of Facebook Mark Zuckerberg here s how his day in Washington went down Ken Yeung of Flipboard and Greg Nibl,DigitalTrends,1188243159093932033,140,2019-10-26 23:57:00,Twitter Media Studio,6,1
152,The Pixel Watch could dethrone the Watch,DigitalTrends,1188226549658673152,72,2019-10-26 22:51:00,Twitter Media Studio,8,3
153,caves to Chinese pressure,DigitalTrends,1188211198342225920,58,2019-10-26 21:50:00,Twitter Media Studio,12,3
154,MacBook Air vs Surface Laptop 2,DigitalTrends,1188155215729414144,56,2019-10-26 18:07:32,dlvr.it,8,3
155,CEO hints at fully autonomous mode and cybertrunk of Flipboard and b,DigitalTrends,1188125687544270848,140,2019-10-26 16:10:12,Twitter Media Studio,4,0
156,CEO of Facebook Mark Zuckerberg here s how his day in Washington went down Ken Yeung of Flipboard and Greg Nibl,DigitalTrends,1188124354678263808,140,2019-10-26 16:04:55,Twitter Media Studio,5,0
157,Why the Surface Neo could work but a dual screen MacBook would be horrible,DigitalTrends,1188118725133647878,99,2019-10-26 15:42:32,dlvr.it,11,2
158,CEO of Mark Zuckerberg hits congress on Monday of and break it al,DigitalTrends,1187909208286650368,140,2019-10-26 01:50:00,Twitter Media Studio,4,1
159,AMC is throwing its hat in the ring to compete with streaming of and break it,DigitalTrends,1187902916872605696,140,2019-10-26 01:25:00,Twitter Media Studio,3,2
160,Walmart slashes prices on Apple iPads to some of the lowest we ve ever seen,DigitalTrends,1187856495381110784,100,2019-10-25 22:20:32,dlvr.it,7,1
161,The best Apple AirPods deals for October 2019,DigitalTrends,1187836240596307968,69,2019-10-25 21:00:03,dlvr.it,6,2
162,Delete these 17 malware infested iPhone apps immediately,DigitalTrends,1187799499839696897,81,2019-10-25 18:34:03,dlvr.it,13,13
163,caves to Chinese pressure,DigitalTrends,1187788412515807232,58,2019-10-25 17:50:00,Twitter Media Studio,8,5
164,CEO of Mark Zuckerberg hits congress on Monday of and break it al,DigitalTrends,1187546820685131777,140,2019-10-25 01:50:00,Twitter Media Studio,1,0
165,AMC is throwing its hat in the ring to compete with streaming of and break it,DigitalTrends,1187539270908764162,140,2019-10-25 01:20:00,Twitter Media Studio,5,2
166,Apple Card review Two months in the benefits just get better,DigitalTrends,1187515748618395648,86,2019-10-24 23:46:32,dlvr.it,7,2
167,caves to Chinese pressure,DigitalTrends,1187426024746901505,58,2019-10-24 17:50:00,Twitter Media Studio,5,2
168,Apple TV app hits Fire TV devices in preparation for Apple TV launch,DigitalTrends,1187418241263493120,101,2019-10-24 17:19:04,dlvr.it,4,2
169,How to create customize and use Memoji in Apple s iOS 13,DigitalTrends,1187366142064484352,83,2019-10-24 13:52:03,dlvr.it,9,0
170,s Siri could be listening to a lot more than you think,DigitalTrends,1187213373391302656,87,2019-10-24 03:45:00,Twitter Media Studio,34,18
171,CEO of Mark Zuckerberg hits congress on Monday of and break it al,DigitalTrends,1187184432697884672,140,2019-10-24 01:50:00,Twitter Media Studio,9,2
172,AMC is throwing its hat in the ring to compete with streaming of and break it,DigitalTrends,1187176883181346821,140,2019-10-24 01:20:00,Twitter Media Studio,5,1
173,Apple s redesigned Mac Pro is almost ready for purchase leaked documents reveal,DigitalTrends,1187146438926426112,104,2019-10-23 23:19:01,dlvr.it,12,3
174,The refurbished 12 9 inch Apple iPad Pro is now up to 259 off,DigitalTrends,1187113856637603840,87,2019-10-23 21:09:33,dlvr.it,9,1
175,It s too late for an October event but new MacBook Pros could still launch soon,DigitalTrends,1187064657044918272,104,2019-10-23 17:54:03,dlvr.it,5,2
176,caves to Chinese pressure,DigitalTrends,1187063637057384452,58,2019-10-23 17:50:00,Twitter Media Studio,3,1
177,Apple cuts 170 off this certified refurbished MacBook Air,DigitalTrends,1186847729273602048,82,2019-10-23 03:32:03,dlvr.it,8,2
178,CEO of Mark Zuckerberg hits congress on Monday of and break it al,DigitalTrends,1186822044798857216,140,2019-10-23 01:50:00,Twitter Media Studio,4,3
179,AMC is throwing its hat in the ring to compete with streaming of and break it,DigitalTrends,1186814495320104965,140,2019-10-23 01:20:00,Twitter Media Studio,2,0
180,New AirPods case looks just like a retro Apple Macintosh monitor,DigitalTrends,1186779022002286592,88,2019-10-22 22:59:02,dlvr.it,8,1
181,Apple Black Friday Deals 2019 Everything You Need To Know,DigitalTrends,1186767447166078976,82,2019-10-22 22:13:03,dlvr.it,13,2
182,Apple iPhone 11 review The iPhone for all,DigitalTrends,1186726932307595264,68,2019-10-22 19:32:03,dlvr.it,4,2
183,caves to Chinese pressure,DigitalTrends,1186701249103777792,58,2019-10-22 17:50:00,Twitter Media Studio,5,0
184,The 10 5 inch Apple iPad Pro is at its best price on today,DigitalTrends,1186678372564291584,91,2019-10-22 16:19:06,dlvr.it,1,0
185,The AppleWatch Series 3 is down to its most affordable price on at 189,DigitalTrends,1186670431433945088,104,2019-10-22 15:47:32,dlvr.it,11,2
186,caves to Chinese pressure,DigitalTrends,1186489855968206848,58,2019-10-22 03:50:00,Twitter Media Studio,8,3
187,CEO of Mark Zuckerberg hits congress on Monday of and break it al,DigitalTrends,1186459657033809921,140,2019-10-22 01:50:00,Twitter Media Studio,3,0
188,AMC is throwing its hat in the ring to compete with streaming of and break it,DigitalTrends,1186452107211296769,140,2019-10-22 01:20:00,Twitter Media Studio,2,0
189,Production of the iPhone SE 2 will begin in early 2020 report says,DigitalTrends,1186420155686850560,92,2019-10-21 23:13:02,dlvr.it,7,1
190,New report suggests Apple will launch augmented reality headset in 2020,DigitalTrends,1186363914386165760,95,2019-10-21 19:29:33,dlvr.it,6,4
191,The Pixel Watch could dethrone the Watch,DigitalTrends,1186346410884685827,72,2019-10-21 18:20:00,Twitter Media Studio,5,2
192,AMC is throwing its hat in the ring to compete with streaming of and break it,DigitalTrends,1186335841049698304,139,2019-10-21 17:38:00,Twitter Media Studio,5,0
193,MadebyGoogle event break down with of and break it all down on Tech Briefs,DigitalTrends,1186320489943191552,139,2019-10-21 16:37:00,Twitter Media Studio,3,1
194,CEO of Mark Zuckerberg hits congress on Monday of and break it al,DigitalTrends,1186260343653187585,140,2019-10-21 12:38:00,Twitter Media Studio,3,0
195,caves to Chinese pressure,DigitalTrends,1186127467951509506,58,2019-10-21 03:50:00,Twitter Media Studio,5,3
196,CEO of Mark Zuckerberg hits congress on Monday of and break it al,DigitalTrends,1185988552741588992,140,2019-10-20 18:38:00,Twitter Media Studio,5,2
197,The Pixel Watch could dethrone the Watch,DigitalTrends,1185984022813364225,72,2019-10-20 18:20:00,Twitter Media Studio,8,1
198,AMC is throwing its hat in the ring to compete with streaming of and break it,DigitalTrends,1185973453884661762,139,2019-10-20 17:38:00,Twitter Media Studio,1,0
199,MadebyGoogle event break down with of and break it all down on Tech Briefs,DigitalTrends,1185958102010494977,139,2019-10-20 16:37:00,Twitter Media Studio,3,0
200,caves to Chinese pressure,DigitalTrends,1185765080337485824,58,2019-10-20 03:50:00,Twitter Media Studio,8,3
201,This is how store puts screen protectors on phones,DigitalTrends,1185692099552927745,82,2019-10-19 23:00:00,Twitter Media Studio,81,22
202,Apple AirPods 2 vs Samsung Galaxy Buds Which are the better buds,DigitalTrends,1185651102466764800,91,2019-10-19 20:17:05,dlvr.it,10,1
203,Walmart slashes prices on Apple iPhone iPad AppleWatch Beats and Apple TV,DigitalTrends,1185630711295823874,105,2019-10-19 18:56:04,dlvr.it,18,4
204,CEO of Mark Zuckerberg hits congress on Monday of and break it al,DigitalTrends,1185626164888391680,140,2019-10-19 18:38:00,Twitter Media Studio,6,2
205,The Pixel Watch could dethrone the Watch,DigitalTrends,1185621635107344392,72,2019-10-19 18:20:00,Twitter Media Studio,8,0
206,AMC is throwing its hat in the ring to compete with streaming of and break it,DigitalTrends,1185610813773500416,139,2019-10-19 17:37:00,Twitter Media Studio,6,4
207,MadebyGoogle event break down with of and break it all down on Tech Briefs,DigitalTrends,1185594460899631104,139,2019-10-19 16:32:01,Twitter Media Studio,5,0
208,Apple TV Everything we know about Apple s style streaming service,DigitalTrends,1185391754872143872,101,2019-10-19 03:06:32,dlvr.it,7,0
209,Apple AirPods vs AirPods 2 What are the differences,DigitalTrends,1185355144818376704,78,2019-10-19 00:41:04,dlvr.it,12,3
210,Several Democratic Republican lawmakers criticize Apple and Blizzard in letter,DigitalTrends,1185350864531181568,103,2019-10-19 00:24:03,dlvr.it,6,4
211,Digital Trends Live s all female space walk Apple AirPods Pro and more,DigitalTrends,1185298646109057024,103,2019-10-18 20:56:33,dlvr.it,4,1
212,Rumor Apple AirPods Pro coming at end of October possibly for 260,DigitalTrends,1185222769224478720,91,2019-10-18 15:55:03,dlvr.it,20,8
213,Apple Arcade isn t the only subscription GameClub revives old iOS games,arstechnica,1187691784303980544,96,2019-10-25 11:26:02,Ars tweetbot,12,7
214,Apple really has taken the iPad in a whole new direction with iPadOS,arstechnica,1186821676694200320,93,2019-10-23 01:48:32,SocialFlow,58,7
215,Apple releases new version of macOS Catalina Supplemental Update by,arstechnica,1186409083517227014,103,2019-10-21 22:29:02,Ars tweetbot,10,5
