,tweets,user,id,len,date,source,likes,retweets
0,Facebook s new approach to journalism is a well timed distraction from antitrust scrutiny,CNBC,1188081496579547137,113,2019-10-26 13:14:36,SocialFlow,19,17
1,These five companies reporting earnings in the week ahead almost always beat the Street,CNBC,1188057588006637569,111,2019-10-26 11:39:36,SocialFlow,8,2
2,Cramer s week ahead Alphabet Beyond Meat GM Facebook and Apple earnings plus the Fed,CNBC,1187875187229954049,114,2019-10-25 23:34:48,SocialFlow,11,4
3,RT Big tech is on deck for earnings next week with Facebook Apple and Alphabet reporting Carter Worth of research sa,CNBC,1187855257700884483,140,2019-10-25 22:15:37,Twitter for iPhone,0,16
4,RT Aside from Apple and Facebook here are the most important earnings reports to watch next week according to a,CNBC,1187855042298220544,140,2019-10-25 22:14:46,Twitter for iPhone,0,5
5,Why Facebook s libra cryptocurrency is in trouble,CNBC,1187812445047398404,73,2019-10-25 19:25:30,SocialFlow,21,8
6,If you invested 1 000 in Facebook at its IPO here s how much money you d have now via,CNBC,1187779811814588421,127,2019-10-25 17:15:49,SocialFlow,27,20
7,Facebook News launches with hand picked stories from major publishers,CNBC,1187670371136393217,93,2019-10-25 10:00:56,SocialFlow,11,8
8,Andrew Yang says that you should get a check in the mail from Facebook Amazon and Google for your data via,CNBC,1187572510977679361,135,2019-10-25 03:32:05,SocialFlow,987,271
9,Facebook s libra may not be approved but one expert says something similar could emerge,CNBC,1187537711944613888,112,2019-10-25 01:13:48,SocialFlow,9,10
10,There would have been a lot less angst if Facebook announced they were building a global payment system instead o,CNBC,1187444144500690944,140,2019-10-24 19:02:00,Twitter Media Studio,29,13
11,Facebook s Zuckerberg on the Hill What s at Stake,CNBC,1187392839510036480,75,2019-10-24 15:38:08,SocialFlow,28,10
12,Facebook CEO Mark Zuckerberg said yesterday that we would be forced to leave the Libra Association if it chooses,CNBC,1187309003866542080,139,2019-10-24 10:05:00,Twitter Media Studio,21,9
13,Zuckerberg Facebook would be forced to leave Libra if it moves forward before regulators approve,CNBC,1187297021872488448,123,2019-10-24 09:17:23,SocialFlow,15,8
14,RT Today s headlines ECB president Mario Draghi prepares his final press conference Tesla shares soar more than 20 Facebook,CNBC,1187296623501684736,140,2019-10-24 09:15:48,TweetDeck,0,11
15,Conde Nast CEO says Facebook and Google are valued partners but they need to be regulated,CNBC,1187295506378215429,114,2019-10-24 09:11:22,SocialFlow,19,4
16,Mark Zuckerberg grilled over Facebook s spotty track record on diversity,CNBC,1187293598104084480,96,2019-10-24 09:03:47,SocialFlow,16,14
17,Elizabeth Warren opened up the opportunity for us to think about breaking up Facebook Rep Maxine Waters says,CNBC,1187293210613309441,136,2019-10-24 09:02:14,SocialFlow,30,4
18,AOC grills Zuckerberg over Facebook allowing lies in political ads,CNBC,1187291669395316741,90,2019-10-24 08:56:07,SocialFlow,40,19
19,Wall Street seems to like Mark Zuckerberg s testimony as Facebook shares rise,CNBC,1187290553123311616,102,2019-10-24 08:51:41,SocialFlow,20,7
20,Facebook is the biggest threat to US democracy Cambridge Analytica whistleblower says,CNBC,1187283846791872513,112,2019-10-24 08:25:02,SocialFlow,45,27
21,Mark Zuckerberg responded to questions regarding the leadership of the organizations in the Libra Association Mr,CNBC,1187263201714626561,140,2019-10-24 07:03:00,Twitter Media Studio,50,41
22,Deepfakes are clearly one of the emerging threats that we need to get in front of and develop policy around to add,CNBC,1187182167761117184,140,2019-10-24 01:41:00,Twitter Media Studio,50,21
23,If America doesn t innovate our financial leadership is not guaranteed Mark Zuckerberg said earlier today that,CNBC,1187169081545220096,139,2019-10-24 00:49:00,Twitter Media Studio,31,16
24,Warren opened up opportunity for us to think about breaking up Facebook Rep Maxine Waters says,CNBC,1187144426566705152,122,2019-10-23 23:11:02,SocialFlow,255,94
25,RT Facebook CEO Mark Zuckerberg wrapping up his testimony on Capitol Hill brings us the Libra hearing s highlight,CNBC,1187129140299927552,140,2019-10-23 22:10:17,Twitter for iPhone,0,9
26,AOC grills Zuckerberg over Facebook allowing lies in political ads,CNBC,1187111067173998592,90,2019-10-23 20:58:28,SocialFlow,64,27
27,RT Here s what The Verge Senior Editor says is key from today s Facebook testimony on Capitol Hill FB,CNBC,1187081608928608256,140,2019-10-23 19:01:25,Twitter Web App,0,10
28,Conde Nast CEO says Facebook and Google are valued partners but they need to be regulated,CNBC,1187081560786427904,114,2019-10-23 19:01:13,SocialFlow,10,8
29,WATCH Facebook CEO Mark Zuckerberg is on the Hill today to testify before the House Financial Services Committee a,CNBC,1187076551352946693,140,2019-10-23 18:41:19,Twitter Web App,72,46
30,RT s Zuckerberg on the Hill What s at Stake ForttKnox,CNBC,1187067516901871616,112,2019-10-23 18:05:25,Twitter Web App,0,6
31,Mark Zuckerberg grilled over Facebook s spotty track record on diversity,CNBC,1187065343191240719,96,2019-10-23 17:56:47,SocialFlow,24,14
32,WATCH Facebook CEO Mark Zuckerberg is on the Hill today to testify before the House Financial Services Committee,CNBC,1187039776609845248,138,2019-10-23 16:15:11,Twitter Web App,63,44
33,Zuckerberg Facebook would be forced to leave Libra if it moves forward before regulators approve,CNBC,1187037751922872320,123,2019-10-23 16:07:08,SocialFlow,15,9
34,Wall Street seems to like Mark Zuckerberg s testimony as Facebook shares rise,CNBC,1187037044092133380,102,2019-10-23 16:04:20,SocialFlow,20,5
35,Mark Zuckerberg responds to questions regarding the leadership of the organizations in the Libra Association Mr,CNBC,1187034847447076865,139,2019-10-23 15:55:36,Wildmoka,62,28
36,Facebook CEO Mark Zuckerberg says that we would be forced to leave the Libra Association if it chooses to move fo,CNBC,1187030618783305729,140,2019-10-23 15:38:48,Wildmoka,29,26
37,Deepfakes are clearly one of the emerging threats that we need to get in front of and develop policy around to add,CNBC,1187022626310500352,140,2019-10-23 15:07:02,Wildmoka,29,23
38,We do not fact check politicians speech Here s how Facebook CEO Mark Zuckerberg says the company is handling po,CNBC,1187016992064229377,140,2019-10-23 14:44:39,Wildmoka,37,23
39,If America doesn t innovate our financial leadership is not guaranteed Mark Zuckerberg says that he doesn t kno,CNBC,1187013891085291522,140,2019-10-23 14:32:19,Wildmoka,70,42
40,WATCH Facebook CEO Mark Zuckerberg is on the Hill today to testify before the House Financial Services Committee,CNBC,1187007729883373573,139,2019-10-23 14:07:50,Twitter Web App,191,143
41,Watch Facebook CEO Mark Zuckerberg testify before the House Financial Services Committee on libra,CNBC,1187002385182396417,121,2019-10-23 13:46:36,SocialFlow,31,23
42,Here s what you need to know before the stock market opens 1 Facebook co founder and CEO Mark Zuckerberg is set t,CNBC,1186992032117592066,140,2019-10-23 13:05:28,SocialFlow,11,5
43,GOP congressman Libra hearing is American innovation on trial by lawmakers who don t get it,CNBC,1186988858069737472,118,2019-10-23 12:52:51,SocialFlow,12,5
44,RT The roll out was a mistake of having it tied so aggressively to Facebook says on In fact the idea t,CNBC,1186982368353116161,140,2019-10-23 12:27:04,Twitter Web App,0,10
45,A bipartisan group of senators wants to help you leave Facebook,CNBC,1186929431455162371,87,2019-10-23 08:56:43,SocialFlow,14,8
46,Facebook advertising VP Rob Goldman announces his departure,CNBC,1186927571600138240,83,2019-10-23 08:49:19,SocialFlow,12,3
47,Facebook CEO Mark Zuckerberg will tell Congress that embattled libra crypto project will extend America s financia,CNBC,1186926425133277184,140,2019-10-23 08:44:46,SocialFlow,20,12
48,47 attorneys general are investigating Facebook for antitrust violations,CNBC,1186921984522891264,96,2019-10-23 08:27:07,SocialFlow,47,19
49,Sheryl Sandberg declines to endorse Elizabeth Warren for president but hints at support,CNBC,1186917157139034112,112,2019-10-23 08:07:56,SocialFlow,21,10
50,Facebook is the biggest threat to US democracy Cambridge Analytica whistleblower says,CNBC,1186773670573871104,112,2019-10-22 22:37:46,SocialFlow,72,53
51,Sheryl Sandberg declines to endorse Elizabeth Warren for president but hints at support,CNBC,1186766062341238786,112,2019-10-22 22:07:32,SocialFlow,6,2
52,Facebook s VP of Ads Rob Goldman announced today that he s leaving the company after 7 years,CNBC,1186702545214939137,117,2019-10-22 17:55:09,SocialFlow,21,5
53,Facebook advertising VP Rob Goldman announces his departure,CNBC,1186700549011447813,83,2019-10-22 17:47:13,SocialFlow,14,11
54,Zuckerberg to tell Congress that Libra crypto project will extend America s financial leadership,CNBC,1186689232695414784,122,2019-10-22 17:02:15,SocialFlow,34,12
55,Correction 47 U S attorneys general are investigating Facebook for antitrust violations,CNBC,1186661129671589891,114,2019-10-22 15:10:35,SocialFlow,93,49
56,A bipartisan group of senators wants to help you leave Facebook,CNBC,1186583314716676096,87,2019-10-22 10:01:22,SocialFlow,15,5
57,Facebook says Libra could use a series of cryptocurrencies pegged to different currencies,CNBC,1186563634924785664,113,2019-10-22 08:43:10,SocialFlow,17,14
58,Facebook releases new election security features for the 2020 US presidential election,CNBC,1186560412629848064,110,2019-10-22 08:30:22,SocialFlow,18,3
59,Antitrust laws have been out of the spotlight for decades but now they re affecting Amazon Apple Google and Fac,CNBC,1186523578344210432,140,2019-10-22 06:04:00,Twitter Media Studio,23,11
60,Facebook removes four networks of fake pages and accounts tied to Russia and Iran,CNBC,1186328494218924032,105,2019-10-21 17:08:48,SocialFlow,27,9
61,Facebook CEO Mark Zuckerberg privately recommended staff hires to Pete Buttigieg Report,CNBC,1186277107531423744,112,2019-10-21 13:44:37,SocialFlow,27,18
62,Stocks making the biggest moves premarket Boeing Peloton Halliburton Facebook IBM amp more,CNBC,1186246116670656512,121,2019-10-21 11:41:28,SocialFlow,8,6
63,Facebook says Libra could use a series of cryptocurrencies pegged to different currencies,CNBC,1186176247992344579,113,2019-10-21 07:03:50,SocialFlow,23,12
64,Facebook employees turn to rogue hacker from Hong Kong to learn what other teams are building,CNBC,1185903993568071687,117,2019-10-20 13:01:59,SocialFlow,19,9
65,An ex Facebook engineer took to YouTube to mock the culture and joke about how he was fired,CNBC,1185616931547693059,116,2019-10-19 18:01:18,SocialFlow,52,12
66,Mark Zuckerberg says Facebook s top priority is setting up FTC mandated privacy program,CNBC,1185304811681566720,111,2019-10-18 21:21:03,SocialFlow,12,5
67,RT Son Tell us how you really feel Jamie Dimon on s libra It was a neat idea that ll never happen,CNBC,1185258909327605761,140,2019-10-18 18:18:39,Twitter Web App,0,13
68,Jamie Dimon says Facebook s libra is a neat idea that ll never happen,CNBC,1185257837913694208,95,2019-10-18 18:14:24,SocialFlow,17,13
69,What You Need To Know About The Facebook News Service FB,Benzinga,1187749405698351104,81,2019-10-25 15:15:00,TweetDeck,0,0
70,More US State Attorneys General Join Facebook Antitrust Probe FB GOOG GOOGL AMZN TWTR,Benzinga,1186895345994944512,114,2019-10-23 06:41:16,TweetDeck,3,2
71,RT In its quest to launch a digital currency Facebook is hitting a series of snags explains the global backlash against,WSJmarkets,1187445078605860864,140,2019-10-24 19:05:43,SocialFlow,0,33
72,RT Facebook s dominance is threatened by alternative social media platforms that promise privacy or cater to selective intere,WSJmarkets,1186814314922967041,140,2019-10-23 01:19:17,TweetDeck,0,4
73,Facebook s Mark Zuckerberg goes before a House panel to discuss the company s cryptocurrency plans but will face ot,WSJmarkets,1186793381827088384,140,2019-10-22 23:56:06,SocialFlow,4,3
74,Video The Global Backlash Against Facebook s Digital Currency Project,WSJmarkets,1186649669914501120,94,2019-10-22 14:25:02,SocialFlow,2,2
75,Here are seven stocks that moved on news in the past five days,WSJmarkets,1185339847705354241,86,2019-10-18 23:40:16,SocialFlow,4,6
76,Recent research suggests that even when viewers try to shield their information from companies that hope to target,nytimesbusiness,1188057952088932352,139,2019-10-26 11:41:03,SocialFlow,2,4
77,Mark Zuckerberg declined to specifically address Breitbart s inclusion in Facebook News but said I think you want,nytimesbusiness,1188017945613688832,140,2019-10-26 09:02:05,SocialFlow,2,2
78,Facebook and the publishing industry have at once relied on and competed with one another Now an uneasy alliance h,nytimesbusiness,1187972884897173504,140,2019-10-26 06:03:01,SocialFlow,2,2
79,Facebook News will try to correct the failings of Facebook s previous news platform,nytimesbusiness,1187927087606312963,107,2019-10-26 03:01:02,SocialFlow,3,3
80,RT no one would divulge the deal terms but zuckerberg told us these werent one shot things multi year financial deals well,nytimesbusiness,1187828964296941568,139,2019-10-25 20:31:08,SocialFlow,0,3
81,RT Facebook will pay publishers including What s more notable is this rare mea culpa from Zuckerberg We feel acu,nytimesbusiness,1187808561570680833,140,2019-10-25 19:10:04,SocialFlow,0,14
82,RT We feel acute responsibility because there s obviously an awareness that the internet has disrupted the news industry bus,nytimesbusiness,1187783397801897985,140,2019-10-25 17:30:04,SocialFlow,0,6
83,Facebook introduced a new section of its mobile app dedicated to news content offering stories from a mix of publi,nytimesbusiness,1187745896357879814,140,2019-10-25 15:01:03,SocialFlow,2,1
84,Mark Zuckerberg s day in Washington layoffs at WeWork Tesla s surprise turnaround and more in today s DealBook Br,nytimesbusiness,1187391055131492364,140,2019-10-24 15:31:02,SocialFlow,4,2
85,Mark Zuckerberg s day in Washington layoffs at WeWork Tesla s surprise turnaround and more in today s DealBook Br,nytimesbusiness,1187366365709197313,140,2019-10-24 13:52:56,SocialFlow,8,0
86,Though Mark Zuckerberg remained collected during a House hearing it was clear how difficult it would be for him to,nytimesbusiness,1187332167875125249,140,2019-10-24 11:37:03,SocialFlow,4,3
87,Members of the House Financial Services Committee took Mark Zuckerberg to task for everything from political advert,nytimesbusiness,1187234284760895490,140,2019-10-24 05:08:05,SocialFlow,8,1
88,Mark Zuckerberg traveled to Washington to defend Facebook s Libra cryptocurrency project But he ended up answering,nytimesbusiness,1187194003026071553,140,2019-10-24 02:28:01,SocialFlow,5,3
89,Zuckerberg in Washington to talk cryptocurrency gets grilled on everything,nytimesbusiness,1187121549855330306,100,2019-10-23 21:40:07,SocialFlow,6,2
90,Facebook s Mark Zuckerberg returned to Washington to defend his company s cryptocurrency project called Libra,nytimesbusiness,1187081294771032066,134,2019-10-23 19:00:10,SocialFlow,0,0
91,Facebook s Mark Zuckerberg returned to Washington to defend his company s cryptocurrency project called Libra,nytimesbusiness,1187032339685236737,134,2019-10-23 15:45:38,SocialFlow,3,1
92,Mark Zuckerberg hopes Facebook s proposed cryptocurrency called Libra receives Washington s blessing But he reco,nytimesbusiness,1187011702740652033,140,2019-10-23 14:23:38,SocialFlow,8,9
93,While housing advocates generally applaud the efforts by Facebook and other companies beneath the large numbers an,nytimesbusiness,1186984142979944448,140,2019-10-23 12:34:07,SocialFlow,3,1
94,People pay far too high a cost and have to wait far too long to send money home to their families abroad The,nytimesbusiness,1186972039904714753,139,2019-10-23 11:46:01,SocialFlow,5,4
95,A torrent of criticism has been directed toward Facebook s cryptocurrency effort called Libra since it was announ,nytimesbusiness,1186908129101000704,140,2019-10-23 07:32:04,SocialFlow,4,0
96,State government cannot solve housing affordability alone California s governor said We need others to join Fa,nytimesbusiness,1186900588489039872,140,2019-10-23 07:02:06,SocialFlow,1,3
97,Hoping that one day billions of people will use a cryptocurrency created by Facebook to send money to friends and f,nytimesbusiness,1186863336975147009,140,2019-10-23 04:34:05,SocialFlow,10,5
98,The technology industry s biggest companies are deciding that they need to play a role in fixing a housing crisis t,nytimesbusiness,1186855287082364930,140,2019-10-23 04:02:05,SocialFlow,1,2
99,Mark Zuckerberg hopes Facebook s proposed cryptocurrency called Libra receives Washington s blessing But he reco,nytimesbusiness,1186795146307948544,140,2019-10-23 00:03:07,SocialFlow,4,2
100,Facebook has gone on the charm offensive in Washington for Libra its cryptocurrency project and,nytimesbusiness,1186749085795213315,135,2019-10-22 21:00:05,SocialFlow,0,0
101,Facebook says it will pledge 1 billion toward building housing for middle and low income households in California,nytimesbusiness,1186723921325899783,139,2019-10-22 19:20:05,SocialFlow,2,1
102,RT Facebook wades into the California housing crisis with Google has also pledged and Microsoft has in Seattle,nytimesbusiness,1186716126694256640,140,2019-10-22 18:49:07,SocialFlow,0,4
103,Facebook has gone on the charm offensive in Washington for Libra its cryptocurrency project and,nytimesbusiness,1186709063259840514,135,2019-10-22 18:21:03,SocialFlow,2,1
104,WeWork s tough choice on a bailout fresh delays may await Boeing s 737 Max Facebook s crypto charm offensive and,nytimesbusiness,1186683673334165505,139,2019-10-22 16:40:09,SocialFlow,0,0
105,Facebook says it will pledge 1 billion toward building housing for middle and low income households in California,nytimesbusiness,1186679000246181889,139,2019-10-22 16:21:35,SocialFlow,1,0
106,Facebook has gone on the charm offensive in Washington for Libra its cryptocurrency project and,nytimesbusiness,1186666086395191296,135,2019-10-22 15:30:16,SocialFlow,1,1
107,Elections have changed significantly since 2016 but Facebook has changed too said Mark Zuckerberg We face inc,nytimesbusiness,1186621994017738758,140,2019-10-22 12:35:04,SocialFlow,3,1
108,Facebook initially brought on 27 partners that it hoped would help give its cryptocurrency legitimacy Key partners,nytimesbusiness,1186583995183710208,140,2019-10-22 10:04:04,SocialFlow,3,4
109,Facebook said the disinformation campaigns it removed included content that touched on conflict in the Middle East,nytimesbusiness,1186514782435860482,140,2019-10-22 05:29:03,SocialFlow,4,7
110,The Fed official responsible for overseeing cryptocurrency policy said that currencies like Libra could weaken the,nytimesbusiness,1186485608321077248,139,2019-10-22 03:33:07,SocialFlow,5,4
111,Facebook s plan to create a cryptocurrency that would replace traditional money appears to be on life support But,nytimesbusiness,1186478546107142144,139,2019-10-22 03:05:03,SocialFlow,3,2
112,Facebook found and took down four state backed disinformation campaigns that targeted people in North Africa Latin,nytimesbusiness,1186455659421659138,140,2019-10-22 01:34:07,SocialFlow,3,4
113,Facebook has gone on the charm offensive in Washington for Libra its cryptocurrency project and,nytimesbusiness,1186386948413448192,135,2019-10-21 21:01:05,SocialFlow,2,1
114,Facebook said it had found and taken down 4 state backed disinformation campaigns even as it tries to take steps t,nytimesbusiness,1186367061997637638,140,2019-10-21 19:42:03,SocialFlow,3,3
115,RT Facebook s Libra project has been struggling on several fronts But Facebook is showing no signs of giving up and has,nytimesbusiness,1186349198700089346,139,2019-10-21 18:31:04,SocialFlow,0,20
116,Facebook has gone on the charm offensive in Washington for Libra its cryptocurrency project,nytimesbusiness,1186345678257246208,118,2019-10-21 18:17:05,SocialFlow,0,1
117,Facebook said it had found and taken down 4 state backed disinformation campaigns even as it tries to take steps t,nytimesbusiness,1186325045137887233,140,2019-10-21 16:55:06,SocialFlow,2,1
118,Here s your quick catch up on the top headlines in business and tech including the latest Brexit hoopla and why Fa,nytimesbusiness,1186236712470663170,140,2019-10-21 11:04:06,SocialFlow,0,0
119,Here s your cheat sheet for the week s top stories in business and tech including the latest on Boeing s troubled,nytimesbusiness,1186216845759713281,139,2019-10-21 09:45:09,SocialFlow,0,1
120,Biden escalates attack on Facebook over false political ads,nytimesbusiness,1186014986646237185,83,2019-10-20 20:23:02,SocialFlow,1,0
121,China wants to replace cash with a cryptocurrency a project that would give the authorities extraordinary new powe,nytimesbusiness,1185999633983705088,140,2019-10-20 19:22:02,SocialFlow,10,9
122,Under fire on all sides Facebook s chief executive went on offense against his critics fighting back against the,nytimesbusiness,1185984544119369729,140,2019-10-20 18:22:04,SocialFlow,3,1
123,Biden escalates attack on Facebook over false political ads,nytimesbusiness,1185959624098373632,83,2019-10-20 16:43:03,SocialFlow,2,0
124,When Facebook announced plans for a cryptocurrency it probably didn t imagine its efforts might spur China to issu,nytimesbusiness,1185924136029380608,140,2019-10-20 14:22:02,SocialFlow,4,4
125,Biden escalates attack on Facebook over false political ads,nytimesbusiness,1185913325512773632,83,2019-10-20 13:39:04,SocialFlow,2,1
126,Biden escalates attack on Facebook over false political ads,nytimesbusiness,1185866264184545280,83,2019-10-20 10:32:04,SocialFlow,4,1
127,China wants to replace cash with a cryptocurrency a project that would give the authorities extraordinary new powe,nytimesbusiness,1185829509318266880,140,2019-10-20 08:06:01,SocialFlow,11,14
128,Biden escalates attack on Facebook over false political ads,nytimesbusiness,1185769128663146497,83,2019-10-20 04:06:05,SocialFlow,10,2
129,Biden escalates attack on Facebook over false political ads,nytimesbusiness,1185722820145352705,83,2019-10-20 01:02:04,SocialFlow,1,1
130,To make his case that the social network did not need to be an arbiter of speech Facebook s C E O invoked Frederi,nytimesbusiness,1185717549910106113,140,2019-10-20 00:41:08,SocialFlow,7,0
131,China wants to replace cash with a cryptocurrency a project that would give the authorities extraordinary new powe,nytimesbusiness,1185682799082328065,140,2019-10-19 22:23:02,SocialFlow,11,12
132,Biden escalates attack on Facebook over false political ads,nytimesbusiness,1185677263347601408,83,2019-10-19 22:01:03,SocialFlow,0,0
133,Biden escalates attack on Facebook over false political ads,nytimesbusiness,1185632486866468864,83,2019-10-19 19:03:07,SocialFlow,0,1
134,Biden escalates attack on Facebook over false political ads,nytimesbusiness,1185586681979854848,83,2019-10-19 16:01:06,SocialFlow,2,2
135,When Facebook announced plans for a cryptocurrency it probably didn t imagine its efforts might spur China to issu,nytimesbusiness,1185576855161704448,140,2019-10-19 15:22:03,SocialFlow,3,5
136,RT NEW Biden Escalates Attack on Facebook Over False Political Ads Focuses on 3rd Party Ads that Facebook Isn t Fact Check,nytimesbusiness,1185558774922272768,140,2019-10-19 14:10:13,SocialFlow,0,72
137,China wants to replace cash with a cryptocurrency a project that would give the authorities extraordinary new powe,nytimesbusiness,1185526538554499072,140,2019-10-19 12:02:07,SocialFlow,8,14
138,Biden escalates attack on Facebook over false political ads,nytimesbusiness,1185511194741952514,83,2019-10-19 11:01:09,SocialFlow,5,3
139,When Facebook announced plans for a cryptocurrency it probably didn t imagine its efforts might spur China to issu,nytimesbusiness,1185473937469313024,140,2019-10-19 08:33:06,SocialFlow,4,5
140,Biden escalates attack on Facebook over false political ads,nytimesbusiness,1185458832081936384,83,2019-10-19 07:33:04,SocialFlow,1,1
141,China wants to replace cash with a cryptocurrency a project that would give the authorities extraordinary new powe,nytimesbusiness,1185380561893908480,140,2019-10-19 02:22:03,SocialFlow,9,9
142,RT Bottom line implication of Zuck s Georgetown speech and WSJ op ed The company is laser focused on heading off a Republ,nytimesbusiness,1185378307505831936,140,2019-10-19 02:13:06,SocialFlow,0,156
143,Biden escalates attack on Facebook over false political ads,nytimesbusiness,1185360194336886785,107,2019-10-19 01:01:07,SocialFlow,3,1
144,When Facebook announced plans for a cryptocurrency it probably didn t imagine its efforts might spur China to issu,nytimesbusiness,1185309599202791425,140,2019-10-18 21:40:05,SocialFlow,2,2
145,Mark Zuckerberg defiantly defends Facebook s policy on political speech China s economic slowdown is getting worse,nytimesbusiness,1185208964088291334,140,2019-10-18 15:00:11,SocialFlow,1,2
146,Apple Facebook Alphabet Exxon Fed Meeting Lead Investing Action Plan,IBDinvestors,1187790687032373248,96,2019-10-25 17:59:02,dlvr.it,2,0
147,How an Eloquent Congressman Stunned Mark Zuckerberg Speechless During Libra Hearing,observer,1187111738564587522,131,2019-10-23 21:01:08,Buffer,1,2
148,Salesforce CEO Marc Benioff Facebook Is Built on Lies Break It Up,observer,1185999127911505920,115,2019-10-20 19:20:01,Buffer,5,0
149,Jessica Biel Investigates a Baffling Mystery in Facebook Watch s Limetown,observer,1185593964520456192,123,2019-10-19 16:30:03,Buffer,2,0
150,Watch Mark Zuckerberg duck a question about including Breitbart in Facebook s News tab,mashable,1187814044184567814,134,2019-10-25 19:31:51,SocialFlow,24,21
151,Facebook ad showing Lindsey Graham endorse the Green New Deal is a sign of what s to come,mashable,1187803326588555264,139,2019-10-25 18:49:16,SocialFlow,35,15
152,Jack Dorsey trashes Facebook s Libra say it s not even a cryptocurrency,mashable,1187482206534590476,120,2019-10-24 21:33:15,SocialFlow,47,14
153,Watch AOC light up Mark Zuckerberg during tense congressional testimony,mashable,1187322946861359104,119,2019-10-24 11:00:24,SocialFlow,69,19
154,Watch AOC light up Mark Zuckerberg during tense congressional testimony,mashable,1187167624154828801,119,2019-10-24 00:43:12,SocialFlow,80,25
155,Rep Rashida Tlaib grills Mark Zuckerberg on Facebook s hate speech policies,mashable,1187157545229656066,124,2019-10-24 00:03:09,SocialFlow,22,5
156,Watch light up Mark Zuckerberg during tense congressional testimony,mashable,1187116601658744832,96,2019-10-23 21:20:28,SocialFlow,14,13
157,Watch light up Mark Zuckerberg during tense congressional testimony,mashable,1187097374914760711,120,2019-10-23 20:04:04,SocialFlow,480,76
158,Rep Rashida Tlaib grills Mark Zuckerberg on Facebook s hate speech policies,mashable,1187095863547617281,125,2019-10-23 19:58:03,SocialFlow,34,14
159,Mark Zuckerberg arrived on Capitol Hill Wednesday ready to discuss Libra Congress took the opportunity to grill hi,mashable,1187074975095767040,140,2019-10-23 18:35:03,SocialFlow,19,15
160,Watch Mark Zuckerberg fail miserably when asked about civil rights,mashable,1187074208985210881,90,2019-10-23 18:32:00,SocialFlow,45,35
161,The newest hardware from Mark Zuckerberg does what it s asked to do but that doesn t mean everyone will want it,mashable,1187062411410530306,136,2019-10-23 17:45:08,SocialFlow,14,13
162,Here s how Facebook wants to protect elected officials from the dangers of well Facebook,mashable,1186353159821811717,114,2019-10-21 18:46:49,SocialFlow,7,4
163,Well it s a step in the right direction,mashable,1186347175980216328,64,2019-10-21 18:23:02,SocialFlow,28,10
164,Surprise People don t want Facebook cameras in their homes,mashable,1185308444359905283,108,2019-10-18 21:35:29,SocialFlow,52,17
165,Twitter CEO Jack Dorsey says hell no to joining Facebook s Libra cryptocurrency,thenextweb,1188450536334467072,107,2019-10-27 13:41:02,SocialFlow,16,10
166,Facebook s return to News sees it tap into human curation of stories,thenextweb,1188012875064975360,92,2019-10-26 08:41:56,SocialFlow,3,1
167,Facebook s Libra cryptocurrency gets desperate as it considers stablecoins,thenextweb,1188010810515349504,100,2019-10-26 08:33:44,SocialFlow,3,1
168,Facebook s return to News sees it tap into human curation of stories,thenextweb,1187917152222961665,92,2019-10-26 02:21:34,SocialFlow,9,4
169,Facebook will clearly label fake news to prevent 2020 election interference,thenextweb,1187908561181040645,101,2019-10-26 01:47:25,SocialFlow,7,2
170,Twitter CEO Jack Dorsey says hell no to joining Facebook s Libra cryptocurrency,thenextweb,1187878018661961730,107,2019-10-25 23:46:04,SocialFlow,9,4
171,Facebook s return to News sees it tap into human curation of stories,thenextweb,1187810232816361473,92,2019-10-25 19:16:42,SocialFlow,7,1
172,Twitter CEO Jack Dorsey says hell no to joining Facebook s Libra cryptocurrency,thenextweb,1187786174854815747,107,2019-10-25 17:41:06,SocialFlow,11,4
173,Facebook s return to News sees it tap into human curation of stories,thenextweb,1187717013390680069,92,2019-10-25 13:06:17,SocialFlow,2,0
174,Twitter CEO Jack Dorsey says hell no to joining Facebook s Libra cryptocurrency,thenextweb,1187693075352739840,107,2019-10-25 11:31:10,SocialFlow,18,6
175,Facebook is about to reveal its News tab,thenextweb,1187668163619676160,64,2019-10-25 09:52:10,SocialFlow,10,4
176,Facebook is about to reveal its News tab,thenextweb,1187536149876760576,64,2019-10-25 01:07:36,SocialFlow,3,1
177,Facebook is about to reveal its News tab,thenextweb,1187438343056957441,64,2019-10-24 18:38:57,SocialFlow,11,3
178,Facebook pledges 1B to help fix California s housing crisis good luck with that,thenextweb,1187189870407630848,106,2019-10-24 02:11:36,SocialFlow,4,0
179,Facebook pledges 1B to help fix California s housing crisis good luck with that,thenextweb,1187047475334529024,106,2019-10-23 16:45:47,SocialFlow,10,4
180,RT The HardForkSummit photo albums are up on our Facebook page Take a look Day 1 Day 2 https,thenextweb,1187002437091110912,140,2019-10-23 13:46:49,Twitter Web App,0,3
181,Facebook pledges 1B to help fix California s housing crisis good luck with that,thenextweb,1186899835628281857,106,2019-10-23 06:59:07,SocialFlow,5,3
182,Facebook will clearly label fake news to prevent 2020 election interference,thenextweb,1186894058985271296,101,2019-10-23 06:36:09,SocialFlow,16,13
183,Amazon joins Facebook and Microsoft to fight deepfakes,thenextweb,1186842936664903681,78,2019-10-23 03:13:01,SocialFlow,6,1
184,Facebook pledges 1B to help fix California s housing crisis good luck with that,thenextweb,1186796668097835008,106,2019-10-23 00:09:09,SocialFlow,6,1
185,Facebook will clearly label fake news to prevent 2020 election interference,thenextweb,1186773444530184192,101,2019-10-22 22:36:53,SocialFlow,7,5
186,Facebook will clearly label fake news to prevent 2020 election interference,thenextweb,1186623624922435584,101,2019-10-22 12:41:33,SocialFlow,5,1
187,RT Facebook s cryptocurrency Libra could be based on national currencies such as the dollar the tech giant said on Sunday htt,thenextweb,1186620064407216130,140,2019-10-22 12:27:24,Twitter Web App,0,3
188,Amazon joins Facebook and Microsoft to fight deepfakes,thenextweb,1186579552438575114,78,2019-10-22 09:46:25,SocialFlow,2,2
189,Facebook will clearly label fake news to prevent 2020 election interference,thenextweb,1186562150703259649,101,2019-10-22 08:37:16,SocialFlow,13,8
190,Amazon joins Facebook and Microsoft to fight deepfakes,thenextweb,1186558394225872896,78,2019-10-22 08:22:21,SocialFlow,4,3
191,Amazon joins Facebook and Microsoft to fight deepfakes,thenextweb,1186528922042818565,78,2019-10-22 06:25:14,SocialFlow,6,7
192,Facebook begins testing dark mode and a Twitter like interface for desktop,thenextweb,1186491938582740992,98,2019-10-22 03:58:16,SocialFlow,12,11
193,Facebook s Libra cryptocurrency gets desperate as it considers stablecoins,thenextweb,1186486558041563136,100,2019-10-22 03:36:53,SocialFlow,7,3
194,Facebook s Libra cryptocurrency gets desperate as it considers stablecoins,thenextweb,1186392638649503745,100,2019-10-21 21:23:41,SocialFlow,4,3
195,Facebook begins testing dark mode and a Twitter like interface for desktop,thenextweb,1186219258977701889,98,2019-10-21 09:54:44,SocialFlow,4,3
196,Facebook s Libra cryptocurrency gets desperate as it considers stablecoins,thenextweb,1186205575450939392,100,2019-10-21 09:00:22,SocialFlow,4,5
197,Facebook begins testing dark mode and a Twitter like interface for desktop,thenextweb,1186175085679468545,98,2019-10-21 06:59:13,SocialFlow,9,2
198,Facebook begins testing dark mode and a Twitter like interface for desktop,thenextweb,1186158559077253120,98,2019-10-21 05:53:32,SocialFlow,30,8
199,G7 countries caution against Facebook s risky Libra,thenextweb,1185847382023507968,77,2019-10-20 09:17:02,SocialFlow,5,4
200,An overview of Facebook s cryptocurrency supporters who s in and who s out,thenextweb,1185502135041101824,102,2019-10-19 10:25:09,SocialFlow,3,2
201,Facebook s Libra cryptocurrency is turning into a soap opera and it s gonna be a long season,thenextweb,1185500523690151936,120,2019-10-19 10:18:45,SocialFlow,3,1
202,G7 countries caution against Facebook s risky Libra,thenextweb,1185393073968369665,77,2019-10-19 03:11:47,SocialFlow,5,5
203,Mark Zuckerberg speaks out on political ads free speech and China,thenextweb,1185311899719798785,91,2019-10-18 21:49:13,SocialFlow,2,1
204,G7 countries caution against Facebook s risky Libra,thenextweb,1185310197180489728,77,2019-10-18 21:42:27,SocialFlow,3,1
205,Facebook CEO Mark Zuckerberg testified before Congress this week the company s cryptocurrency But in one exchange,WIRED,1187949473982570496,140,2019-10-26 04:30:00,Twitter Media Studio,250,83
206,RT Facebook s focus on encryption will make it harder to thwart child abuse writes a tech pioneer who built one of the key too,WIRED,1187917658353651714,140,2019-10-26 02:23:34,Twitter for iPhone,0,73
207,Is Facebook a savior or killer of journalism Facebook is trying again with publishers by rolling out Facebook News,WIRED,1187889058841858048,140,2019-10-26 00:29:56,SocialFlow,23,12
208,If Elizabeth Warren is the kind of presidential candidate Mark Zuckerberg considers an existential threat to Facebo,WIRED,1187312279999647744,140,2019-10-24 10:18:01,SocialFlow,146,52
209,You have ruined the lives of Americans Mark Zuckerberg knew his testimony before Congress today over Libra Fa,WIRED,1187296463077941248,140,2019-10-24 09:15:10,SocialFlow,84,34
210,A lot has changed since Mark Zuckerberg launched TheFacebook in 2004,WIRED,1187172185946886144,93,2019-10-24 01:01:20,SocialFlow,40,16
211,Facebook CEO Mark Zuckerberg testified before Congress today on Libra the company s cryptocurrency But in one exc,WIRED,1187131584551510016,140,2019-10-23 22:20:00,Twitter Media Studio,404,133
212,Partners are leaving Regulators are vowing to ban it And some legislators think Facebook should declare a morator,WIRED,1187126046153461761,140,2019-10-23 21:57:59,SocialFlow,49,24
213,LIVE Mark Zuckerberg is hours into testifying before Congress about Libra Facebook s cryptocurrency and a lot mo,WIRED,1187086630844153856,140,2019-10-23 19:21:22,Twitter Web App,79,42
214,LIVE Facebook CEO Mark Zuckerberg continues testifying before Congress about Libra the company s cryptocurrency,WIRED,1187076047856001024,140,2019-10-23 18:39:19,Twitter Web App,38,18
215,Would you use Facebook s cryptocurrency Libra CEO Mark Zuckerberg is answering questions about it before Congress,WIRED,1187056273071624192,140,2019-10-23 17:20:44,Twitter Web App,51,24
216,LIVE Facebook CEO Mark Zuckerberg continues testifying before Congress about Libra the company s cryptocurrency,WIRED,1187040042218377217,139,2019-10-23 16:16:14,Twitter Web App,44,31
217,Just logging on Facebook CEO Mark Zuckerberg is in the middle of answering questions before Congress about Libra,WIRED,1187034842745032706,140,2019-10-23 15:55:35,Twitter Web App,42,27
218,I m sure people wish it was anyone but Facebook putting this idea forward Reminder that Facebook CEO Mark Zucker,WIRED,1187019803002843136,140,2019-10-23 14:55:49,SocialFlow,27,22
219,A bit of background about Libra and what Facebook is trying to do with it,WIRED,1187012715815952385,98,2019-10-23 14:27:39,Twitter Web App,32,12
220,Watch now Mark Zuckerberg is giving his opening statement to Congress about Libra Facebook s cryptocurrency,WIRED,1187011206868951043,135,2019-10-23 14:21:39,Twitter Web App,156,130
221,LIVE Facebook CEO Mark Zuckerberg is appearing before Congress to discuss Libra the company s cryptocurrency Exp,WIRED,1187007481928507392,140,2019-10-23 14:06:51,Twitter Web App,149,122
222,Reminder Facebook CEO Mark Zuckerberg is appearing before the House Financial Services Committee this morning oste,WIRED,1186995271458312193,140,2019-10-23 13:18:20,SocialFlow,66,38
223,Don t like the idea of sharing your posts with the entire population of Twitter Here s how to turn your account pr,WIRED,1186898281932251136,140,2019-10-23 06:52:56,SocialFlow,39,13
224,Facebook CEO Mark Zuckerberg is heading back to DC Wednesday This time it s to face Congress about Libra Facebook,WIRED,1186805956186951680,140,2019-10-23 00:46:04,SocialFlow,106,42
225,Also A machine that spins up lab grown meat like cotton candy and our recommendations for the best password manag,WIRED,1186769330480005123,140,2019-10-22 22:20:32,SocialFlow,43,8
226,RT Zuckerberg is in Congress tomorrow defending Libra not an easy job as he plans to acknowledge I m sure people wish,WIRED,1186767398210170880,140,2019-10-22 22:12:51,Twitter Web App,0,20
227,While Facebook s policy updates show the company understands misinformation is a serious problem that can no longer,WIRED,1186694223116013569,140,2019-10-22 17:22:05,SocialFlow,56,29
228,Don t like the idea of sharing your posts with the entire population of Twitter Here s how to turn your account pr,WIRED,1186089447005315072,140,2019-10-21 01:18:55,SocialFlow,42,20
229,Facebook and Silicon Valley more broadly sees the world as Donald Trump does a ceaseless battle for dominance,WIRED,1185470460940767232,139,2019-10-19 08:19:17,SocialFlow,161,78
230,s News service will be available to a limited test audience of 200 000 users in the US and it will event,tech2eets,1187708219117826049,140,2019-10-25 12:31:20,Twitter Web App,4,2
231,Zuckerberg first suggested that used third party fact checkers to verify political ads He contradicted,tech2eets,1187592463717789697,139,2019-10-25 04:51:22,TweetDeck,12,4
232,to Zuckerberg You don t see a problem here with complete lack of fact checking with regards to political ad,tech2eets,1187285595338313728,140,2019-10-24 08:31:59,Twitter Web App,0,0
233,has been trying to project its cryptocurrency initiative Libra as the answer to get those who are unban,tech2eets,1187278377629052928,140,2019-10-24 08:03:18,TweetDeck,6,4
234,will reportedly launch a new dedicated news tab for the platform tomorrow which will offer its users ac,tech2eets,1187238312915824640,140,2019-10-24 05:24:06,TweetDeck,6,4
235,CEO MarkZuckerberg says China is already working on similar ideas which gives all the more reasons to e,tech2eets,1187201086760730625,140,2019-10-24 02:56:10,TweetDeck,4,3
236,CEO Mark Zuckerberg defends cryptocurrency Libra says it could lower the cost of electronic payments an,tech2eets,1187200124151185408,140,2019-10-24 02:52:21,TweetDeck,1,1
237,The ongoing case in the Supreme Court has put a question mark over the creation of a national d,tech2eets,1186987714534506496,140,2019-10-23 12:48:18,TweetDeck,7,2
238,US Senators have introduced a new bill that asks social media companies like to allow users to move their,tech2eets,1186840096537903104,140,2019-10-23 03:01:44,TweetDeck,2,1
239,All Aadhaar social media linking cases have been transferred to SC Report,tech2eets,1186558836867362818,118,2019-10-22 08:24:06,TweetDeck,4,2
240,identified and removed 93 Facebook accounts 17 Pages and four Instagram accounts from Russia and Iran f,tech2eets,1186489436709638144,140,2019-10-22 03:48:20,TweetDeck,9,3
241,Ahead of the 2020USElection announces that it will become more transparent about the admins and Pages,tech2eets,1186470954563588096,139,2019-10-22 02:34:53,TweetDeck,5,1
242,A new quasi independent oversight board will soon make decisions on some of the most difficult questions on what ma,tech2eets,1185875771904032769,140,2019-10-20 11:09:51,TweetDeck,5,2
243,For allegedly misusing users facial recognition data in Illinois the US court has reportedly said that,tech2eets,1185777933245284352,139,2019-10-20 04:41:04,TweetDeck,6,9
244,s goal is to shift its focus from content flagging and removal to preventive measures,tech2eets,1185418926018191361,122,2019-10-19 04:54:30,Buffer,1,0
245,Facebook s new Portal has a refined design but familiar limitations,verge,1188171687973527554,115,2019-10-26 19:13:00,TweetDeck,45,8
246,Facebook will label false posts more clearly as part of an effort to prevent 2020 election interference,verge,1188078327011168256,128,2019-10-26 13:02:01,Sprout Social,217,42
247,Facebook won t call users undesirable in ad rejections anymore,verge,1187900656805437441,112,2019-10-26 01:16:01,Sprout Social,33,8
248,Facebook trained AI to fool facial recognition systems and it works on live video,verge,1187874036543438848,130,2019-10-25 23:30:14,TweetDeck,81,12
249,Mark Zuckerberg is struggling to explain why Breitbart belongs on Facebook News,verge,1187856050441129985,127,2019-10-25 22:18:46,Vox Media,66,33
250,RT NEWS Thanks to Instagram s skin positivity community and my reporting Facebook will no longer tell pote,verge,1187736268492464128,140,2019-10-25 14:22:48,Twitter Web App,0,22
251,Facebook won t call users undesirable in ad rejections anymore,verge,1187719561791098881,112,2019-10-25 13:16:24,Vox Media,42,3
252,A new Facebook News tab is starting to roll out in the United States,verge,1187670184007471105,116,2019-10-25 10:00:12,Vox Media,131,27
253,Is Facebook s billion dollar housing pledge enough,verge,1187538270542028800,99,2019-10-25 01:16:01,Sprout Social,14,1
254,Is Facebook s billion dollar housing pledge enough,verge,1187357227943940097,99,2019-10-24 13:16:37,Vox Media,27,6
255,Zuckerberg claims it s not about the money while explaining how Libra will make money,verge,1187269245316583429,134,2019-10-24 07:27:01,Sprout Social,92,39
256,,verge,1187121287853985792,139,2019-10-23 21:39:05,Twitter Web App,46,17
257,RT Here s what The Verge Senior Editor says is key from today s Facebook testimony on Capitol Hill FB,verge,1187097752456617985,140,2019-10-23 20:05:34,Twitter Web App,0,10
258,Zuckerberg claims it s not about the money while explaining how Libra will make money,verge,1187088795809845254,134,2019-10-23 19:29:58,Vox Media,86,26
259,,verge,1187088610589401089,140,2019-10-23 19:29:14,Twitter Web App,71,18
260,asks Zuckerberg i,verge,1187081468348108801,140,2019-10-23 19:00:51,Twitter Web App,14,4
261,asks Zuckerberg to commit o,verge,1187066382757879809,140,2019-10-23 18:00:54,Twitter Web App,54,21
262,It s almost like you think this is a joke when you have,verge,1187051824555184130,140,2019-10-23 17:03:03,Twitter Web App,49,19
263,I think you have a responsibility to do more than police conten,verge,1187044925172568064,140,2019-10-23 16:35:39,Twitter Web App,24,3
264,asks how Facebook will keep user financial data safe Zuckerberg,verge,1187037857078284289,140,2019-10-23 16:07:33,Twitter Web App,27,3
265,asks what Facebook would do if the Libra Association decided to launch its,verge,1187029306398171140,139,2019-10-23 15:33:35,Twitter Web App,19,8
266,Rep William Lacy Clay asks Zuckerberg if Facebook would comply with any subpoenas rega,verge,1187028873541799936,140,2019-10-23 15:31:52,Twitter Web App,19,7
267,Zuckerberg responding to mass Libra Association departures It s a risky project and there s been a lot of scrutin,verge,1187018196613775363,140,2019-10-23 14:49:26,Twitter Web App,46,21
268,Rep Carolyn Maloney asks Zuckerberg to pledge that Facebook won t support a launch of Libra until all US regulato,verge,1187016603784962050,140,2019-10-23 14:43:06,Twitter Web App,42,15
269,Mark Zuckerberg is testifying before Congress right now Watch it here,verge,1187010791398105094,118,2019-10-23 14:20:00,Vox Media,282,90
270,How would opening up Facebook change the internet,verge,1186991330175737856,98,2019-10-23 13:02:41,Vox Media,46,14
271,Facebook will spend 1 billion to address California s affordable housing crisis,verge,1186874898892890117,128,2019-10-23 05:20:01,Sprout Social,55,7
272,Congress could require Facebook to build more open APIs under new bill,verge,1186849227755921408,118,2019-10-23 03:38:01,Sprout Social,33,2
273,Facebook will spend 1 billion to address California s affordable housing crisis,verge,1186693764351442944,128,2019-10-22 17:20:15,Vox Media,30,11
274,Congress could require Facebook to build more open APIs under new bill,verge,1186668216669605888,118,2019-10-22 15:38:44,Vox Media,32,6
275,Facebook goes on offense ahead of next year s elections,verge,1186583000705830912,103,2019-10-22 10:00:07,Vox Media,24,9
276,Facebook will label false posts more clearly as part of an effort to prevent 2020 election interference,verge,1186512509974523909,128,2019-10-22 05:20:01,Sprout Social,233,37
277,Facebook will label false posts more clearly as part of an effort to prevent 2020 election interference,verge,1186331387923705856,128,2019-10-21 17:20:18,Vox Media,174,44
278,Mark Zuckerberg took on China in a speech defending free expression,verge,1185835044654501888,115,2019-10-20 08:28:01,Sprout Social,125,17
279,Vergecast Pixel 4 hands on and Mark Zuckerberg s speech on free speech,verge,1185379292886253568,119,2019-10-19 02:17:01,Sprout Social,88,8
280,Salesforce CEO hates Section 230 but his lawyers sure don t,verge,1185348699993640961,108,2019-10-19 00:15:27,Vox Media,23,4
281,Facebook aims to strengthen democracy with a news tab,DigitalTrends,1188511930220236802,81,2019-10-27 17:45:00,Twitter Media Studio,8,2
282,Facebook could soon be hiding the like counts,DigitalTrends,1188294245410455552,72,2019-10-27 03:20:00,Twitter Media Studio,6,3
283,s attorney said There is no invasion of privacy at all because there is no privacy,DigitalTrends,1188292987404443648,121,2019-10-27 03:15:00,Twitter Media Studio,59,37
284,CEO of Facebook Mark Zuckerberg here s how his day in Washington went down Ken Yeung of Flipboard and Greg Nibl,DigitalTrends,1188243159093932033,140,2019-10-26 23:57:00,Twitter Media Studio,6,1
285,Facebook just launched its newish News Tab,DigitalTrends,1188137210689622018,71,2019-10-26 16:56:00,Twitter Media Studio,8,3
286,CEO of Facebook Mark Zuckerberg here s how his day in Washington went down Ken Yeung of Flipboard and Greg Nibl,DigitalTrends,1188124354678263808,140,2019-10-26 16:04:55,Twitter Media Studio,5,0
287,Facebook aims to strengthen democracy with a news tab,DigitalTrends,1188085066951483397,81,2019-10-26 13:28:48,Twitter Media Studio,15,6
288,RT Facebook s brain computer interface could let you type with your mind,DigitalTrends,1188063605058605059,114,2019-10-26 12:03:31,Twitter for iPhone,0,21
289,Facebook s brain computer interface could let you type with your mind,DigitalTrends,1187911726592708610,95,2019-10-26 02:00:00,Twitter Media Studio,38,21
290,CEO of Mark Zuckerberg hits congress on Monday of and break it al,DigitalTrends,1187909208286650368,140,2019-10-26 01:50:00,Twitter Media Studio,4,1
291,Facebook is desperate to keep Libra afloat,DigitalTrends,1187863910155575296,67,2019-10-25 22:50:00,Twitter Media Studio,5,0
292,Digital Trends Live s news tab TikTok investigated and more,DigitalTrends,1187852471621713920,96,2019-10-25 22:04:33,dlvr.it,4,3
293,CEO pleads for crypto currency Libra,DigitalTrends,1187809048390881280,72,2019-10-25 19:12:00,Twitter Media Studio,5,2
294,Digital Trends Live 10 25 19 A Radical New Pizza Box News Tab Okay Facebook DTLive,DigitalTrends,1187773550783975426,123,2019-10-25 16:50:56,Periscope,21,7
295,These were the 5 key moments from the Mark Zuckerberg testimony regarding the hearing on Facebook Libra,DigitalTrends,1187768282079588352,129,2019-10-25 16:30:00,Twitter Media Studio,15,10
296,Facebook aims to strengthen democracy with a news tab,DigitalTrends,1187764505373216769,81,2019-10-25 16:15:00,Twitter Media Studio,6,3
297,Digital Trends Live 10 25 19 A Radical New Pizza Box News Tab Okay Facebook DTLive,DigitalTrends,1187760103576879104,123,2019-10-25 15:57:30,Periscope,7,7
298,These were the 5 key moments from the Mark Zuckerberg testimony regarding the hearing on Facebook Libra,DigitalTrends,1187738080779870210,129,2019-10-25 14:30:00,Twitter Media Studio,16,6
299,CEO of Mark Zuckerberg hits congress on Monday of and break it al,DigitalTrends,1187546820685131777,140,2019-10-25 01:50:00,Twitter Media Studio,1,0
300,Facebook is desperate to keep Libra afloat,DigitalTrends,1187501521996599297,67,2019-10-24 22:50:00,Twitter Media Studio,7,1
301,CEO pleads for crypto currency Libra,DigitalTrends,1187446660550615050,72,2019-10-24 19:12:00,Twitter Media Studio,8,4
302,These were the 5 key moments from the Mark Zuckerberg testimony regarding the hearing on Facebook Libra,DigitalTrends,1187244020709384193,129,2019-10-24 05:46:47,Twitter Media Studio,20,7
303,CEO of Mark Zuckerberg hits congress on Monday of and break it al,DigitalTrends,1187184432697884672,140,2019-10-24 01:50:00,Twitter Media Studio,9,2
304,Facebook is desperate to keep Libra afloat,DigitalTrends,1187139134323859456,67,2019-10-23 22:50:00,Twitter Media Studio,3,1
305,Congress shows CEO Mark Zuckerberg no mercy during Libra hearing,DigitalTrends,1187118007509639168,98,2019-10-23 21:26:03,dlvr.it,14,7
306,CEO pleads for crypto currency Libra,DigitalTrends,1187084272814956546,72,2019-10-23 19:12:00,Twitter Media Studio,4,0
307,These were the 5 key moments from the Mark Zuckerberg testimony regarding the hearing on Facebook Libra,DigitalTrends,1187076219671633924,129,2019-10-23 18:40:00,Twitter Media Studio,11,6
308,BREAKING Congress is showing no mercy on Facebook CEO Mark Zuckerberg,DigitalTrends,1187053995048755200,95,2019-10-23 17:11:41,Twitter Web App,28,10
309,Watch Live Mark Zuckerberg testifies before Congress about Libra,DigitalTrends,1187024014754992128,99,2019-10-23 15:12:33,dlvr.it,5,7
310,Digital Trends Live Special Edition CEO Mark Zuckerberg s Congressional Testimony On Cryptocurrency,DigitalTrends,1187005785332576258,138,2019-10-23 14:00:07,Periscope,32,35
311,CEO of Mark Zuckerberg hits congress on Monday of and break it al,DigitalTrends,1186822044798857216,140,2019-10-23 01:50:00,Twitter Media Studio,4,3
312,Facebook is desperate to keep Libra afloat,DigitalTrends,1186776746454110209,67,2019-10-22 22:50:00,Twitter Media Studio,3,4
313,Digital Trends Live and elections raises 2 billion and more,DigitalTrends,1186763042081538048,106,2019-10-22 21:55:32,dlvr.it,6,0
314,Here s how Mark Zuckerberg plans to defend Libra in front of Congress,DigitalTrends,1186743291338878976,103,2019-10-22 20:37:03,dlvr.it,6,3
315,Here s how Mark Zuckerberg plans to defend Facebook Libra in front of Congress,DigitalTrends,1186738948061700098,104,2019-10-22 20:19:48,Twitter for iPhone,9,2
316,BREAKING Almost Every State Joins Antitrust Investigation into Facebook,DigitalTrends,1186727822733250560,99,2019-10-22 19:35:35,Twitter Web App,29,20
317,CEO pleads for crypto currency Libra,DigitalTrends,1186723898223521792,72,2019-10-22 19:20:00,Twitter Media Studio,4,3
318,Almost every state joins in on antitrust investigation into,DigitalTrends,1186702517012324352,93,2019-10-22 17:55:02,dlvr.it,16,7
319,CEO of Mark Zuckerberg hits congress on Monday of and break it al,DigitalTrends,1186459657033809921,140,2019-10-22 01:50:00,Twitter Media Studio,3,0
320,Facebook is desperate to keep Libra afloat,DigitalTrends,1186414358521352192,67,2019-10-21 22:50:00,Twitter Media Studio,11,2
321,CEO pleads for crypto currency Libra,DigitalTrends,1186361510320173056,72,2019-10-21 19:20:00,Twitter Media Studio,4,3
322,Facebook could soon be hiding the like counts,DigitalTrends,1186301112367878145,72,2019-10-21 15:20:00,Twitter Media Studio,6,3
323,CEO of Mark Zuckerberg hits congress on Monday of and break it al,DigitalTrends,1186260343653187585,140,2019-10-21 12:38:00,Twitter Media Studio,3,0
324,CEO pleads for crypto currency Libra,DigitalTrends,1185999122555383808,72,2019-10-20 19:20:00,Twitter Media Studio,2,1
325,CEO of Mark Zuckerberg hits congress on Monday of and break it al,DigitalTrends,1185988552741588992,140,2019-10-20 18:38:00,Twitter Media Studio,5,2
326,Facebook could soon be hiding the like counts,DigitalTrends,1185938724443566081,72,2019-10-20 15:20:00,Twitter Media Studio,9,3
327,RT Recapping the MadeByGoogle event streaming service and Mark Zuckerberg s argument that Facebook is pro Fr,DigitalTrends,1185727692248899585,140,2019-10-20 01:21:26,Twitter for iPhone,0,2
328,CEO pleads for crypto currency Libra,DigitalTrends,1185636734412804097,72,2019-10-19 19:20:00,Twitter Media Studio,4,6
329,CEO of Mark Zuckerberg hits congress on Monday of and break it al,DigitalTrends,1185626164888391680,140,2019-10-19 18:38:00,Twitter Media Studio,6,2
330,Facebook could soon be hiding the like counts,DigitalTrends,1185312095480549376,72,2019-10-18 21:50:00,Twitter Media Studio,9,1
331,DT s editor in chief Jeremy Kaplan joined to discuss CEO Mark Zuckerberg s def,DigitalTrends,1185303043199438848,140,2019-10-18 21:14:02,Twitter for iPhone,1,1
332,Ostensibly Mark Zuckerberg showed up in DC to talk about Libra Facebook s cryptocurrency But boy Congress had,arstechnica,1187717858110951424,139,2019-10-25 13:09:38,SocialFlow,47,16
333,A million dollars isn t cool You know what s cool,arstechnica,1187138035864997888,80,2019-10-23 22:45:38,SocialFlow,37,16
334,Facebook must face 35B facial recognition lawsuit following court ruling,arstechnica,1186737245954424832,97,2019-10-22 20:13:02,Ars tweetbot,42,22
335,Facebook promises to beef up election integrity efforts heading into 2020,arstechnica,1186388950992277504,99,2019-10-21 21:09:02,Ars tweetbot,1,2
336,Zuckerberg doubles down on free speech the Facebook way by,arstechnica,1185513176097607680,89,2019-10-19 11:09:01,Ars tweetbot,7,4
