,tweets,user,id,len,date,source,likes,retweets
0,Would you give up Google for 17 000 a year The Federal Reserve wants to know,CNBC,1193641741494235137,103,2019-11-10 21:29:02,SocialFlow,30,8
1,Here s how to stop Google from storing your location history,CNBC,1193565014315151360,85,2019-11-10 16:24:09,SocialFlow,42,27
2,7 mistakes millionaires like Warren Buffett and Bill Gates never make that average people do all the time via,CNBC,1193557478560223232,138,2019-11-10 15:54:12,SocialFlow,69,31
3,Countries around the world are pushing for a digital tax on tech giants like Amazon Apple Facebook and Google So,CNBC,1193216680979075072,140,2019-11-09 17:20:00,Twitter Media Studio,26,16
4,Tech giants Apple Google and Facebook have all recently faced DOJ antitrust investigations Here s what they can l,CNBC,1193191515025113088,140,2019-11-09 15:40:00,Twitter Media Studio,16,9
5,Big Tech closes out a big week with Microsoft Apple and Alphabet all closing at records,CNBC,1192930075924140033,112,2019-11-08 22:21:08,SocialFlow,22,8
6,Facebook Alphabet are the most likely tech giants to face antitrust action next year Cowen says,CNBC,1192817478331772933,121,2019-11-08 14:53:42,SocialFlow,26,12
7,RT reporting that Google parent Alphabet s board is investigating its executives over sexual misconduct bosa b,CNBC,1192221624268808198,140,2019-11-06 23:26:00,TweetDeck,0,14
8,AES and Google in 10 year tie up to push expansion of clean energy,CNBC,1192070342388387842,90,2019-11-06 13:24:51,SocialFlow,10,3
9,Google launches new program for green start ups as employees revolt over its record on climate change,CNBC,1191976142225494016,125,2019-11-06 07:10:32,SocialFlow,30,15
10,People are turning to Dr Google and Reddit for help on medical diagnoses even for STDs,CNBC,1191947092790517760,118,2019-11-06 05:15:06,SocialFlow,21,18
11,Google launches new program for green start ups as employees revolt over its record on climate change,CNBC,1191835742600912898,125,2019-11-05 21:52:38,SocialFlow,19,12
12,People are turning to Dr Google Reddit for help on medical diagnoses even for STDs,CNBC,1191747652767166464,112,2019-11-05 16:02:36,SocialFlow,17,10
13,Amazon is responsible for most Big Tech job growth since 2000,CNBC,1191586981870030849,85,2019-11-05 05:24:09,SocialFlow,31,11
14,Microsoft will start letting customers run Azure programs in clouds owned by Amazon and Google,CNBC,1191584931987836935,118,2019-11-05 05:16:01,SocialFlow,21,12
15,Google is staying silent about political ads on YouTube while Facebook and Twitter squabble,CNBC,1191583025492037638,115,2019-11-05 05:08:26,SocialFlow,19,16
16,Amazon is responsible for most Big Tech job growth since 2000,CNBC,1191558292100784129,110,2019-11-05 03:30:09,SocialFlow,33,7
17,RT With the threat of regulation looming how does the tech industry regain its rep as a beacon for how great work gets done,CNBC,1191495551012835328,139,2019-11-04 23:20:50,TweetDeck,0,3
18,RT While these companies particularly Amazon have created a tremendous number of jobs they have also displaced entire ind,CNBC,1191453806170689536,140,2019-11-04 20:34:58,Twitter Web App,0,10
19,This CNBCClassic compilation looks back at Google s IPO on August 18 2004 Years after Google s 1 8 billion IPO,CNBC,1191451046419156992,139,2019-11-04 20:24:00,Twitter Media Studio,20,7
20,Amazon is responsible for most Big Tech job growth since 2000,CNBC,1191444831379345408,85,2019-11-04 19:59:18,SocialFlow,23,12
21,Tech giants Apple Google and Facebook have all recently faced DOJ antitrust investigations Here s what they can l,CNBC,1191405496290312194,140,2019-11-04 17:23:00,Twitter Media Studio,8,7
22,Microsoft will start letting customers run Azure programs in clouds owned by Amazon and Google,CNBC,1191354756834496512,118,2019-11-04 14:01:22,SocialFlow,15,7
23,Here s how to stop Google from storing your location history,CNBC,1191099217965649921,85,2019-11-03 21:05:57,SocialFlow,56,31
24,Google is staying silent about political ads on YouTube while Facebook and Twitter squabble,CNBC,1191068085383499776,115,2019-11-03 19:02:15,SocialFlow,23,12
25,Apple Google and Microsoft might not be thrilled to know that the employees helping make their tech are sending t,CNBC,1190962326293417985,140,2019-11-03 12:02:00,Twitter Media Studio,46,21
26,Would you give up Google for 17 000 a year The Federal Reserve wants to know,CNBC,1190730418800201728,103,2019-11-02 20:40:29,SocialFlow,68,21
27,Google Health is finally opening up about its plans and they re all about search,CNBC,1190674254553079808,105,2019-11-02 16:57:18,SocialFlow,33,15
28,7 mistakes millionaires like Warren Buffett and Bill Gates never make that average people do all the time via,CNBC,1190664065540067328,138,2019-11-02 16:16:49,SocialFlow,77,25
29,Why Google s Fitbit deal could break its legacy of hardware failures,CNBC,1190646369498914817,92,2019-11-02 15:06:30,SocialFlow,20,9
30,The Google Facebook ad duopoly is facing a bigger challenge from the trio of Snap Pinterest and Amazon,CNBC,1190630114637307906,127,2019-11-02 14:01:54,SocialFlow,12,7
31,In a world where everything is becoming increasingly connected cars have lagged behind Here s how major tech comp,CNBC,1190615289676861442,140,2019-11-02 13:03:00,Twitter Media Studio,10,3
32,At any given time most of us are within earshot of a virtual assistant They re in our pockets our houses and our,CNBC,1190494493536964610,140,2019-11-02 05:03:00,Twitter Media Studio,32,11
33,Facebook Google Considering Changes In Political Ad Policies FB GOOG GOOGL TWTR,Benzinga,1192868710479998977,108,2019-11-08 18:17:17,TweetDeck,3,6
34,Google Invades Apple s Wearables Territory With Fitbit Acquisition GOOG AAPL FIT GRMN FOSL,Benzinga,1191144275133624320,119,2019-11-04 00:05:00,TweetDeck,0,2
35,Google Invades Apple s Wearables Territory With Fitbit Acquisition GOOG FIT AAPL,Benzinga,1190721489403727872,107,2019-11-02 20:05:00,TweetDeck,4,4
36,Changes to Google s algorithm put a dent in shares of TripAdvisor and Expedia Group,WSJmarkets,1192550804420485121,108,2019-11-07 21:14:02,SocialFlow,2,2
37,RT China s answer to Google still hasn t recovered from an onslaught of new competition for ad dollars says https,WSJmarkets,1192481731695149056,140,2019-11-07 16:39:34,TweetDeck,0,2
38,RT Behind Google s 2 1 billion deal for wearables maker Fitbit is the search giant s dream to become a major player in h,WSJmarkets,1192440683358896128,140,2019-11-07 13:56:28,TweetDeck,0,2
39,RT ivory A Canadian child protection center asked Google to take down child sexual abuse imagery in August last year but Google,nytimesbusiness,1193352841953460224,140,2019-11-10 02:21:03,SocialFlow,0,7
40,RT Alphabet is investigating past misconduct by current and former executives as part of its legal defe,nytimesbusiness,1192611959100858370,140,2019-11-08 01:17:03,SocialFlow,2,1
41,To defend against shareholder lawsuits the parent company of Google has hired a law firm and is investigating sexu,nytimesbusiness,1192276502974517248,140,2019-11-07 03:04:04,SocialFlow,2,3
42,Efforts by Apple Facebook and Google to address the California housing crunch must contend with the forces that cr,nytimesbusiness,1192194707625054208,140,2019-11-06 21:39:02,SocialFlow,2,1
43,Efforts by Apple Facebook and Google to address the California housing crunch must contend with the forces that cr,nytimesbusiness,1192150180268793858,140,2019-11-06 18:42:06,SocialFlow,1,0
44,Efforts by Apple Facebook and Google to address the California housing crunch must contend with the forces that cr,nytimesbusiness,1192105863684804608,140,2019-11-06 15:46:00,SocialFlow,2,2
45,Efforts by Apple Facebook and Google to address the California housing crunch must contend with the forces that cr,nytimesbusiness,1192043226561220608,140,2019-11-06 11:37:06,SocialFlow,5,3
46,RT Apple Facebook amp Google have pledged 4 5 billion for housing in California That s about enough to fund 10 000 new housing,nytimesbusiness,1191744997319688192,144,2019-11-05 15:52:03,SocialFlow,0,20
47,RT NEW We ve long worried voice assistants like Alexa and Google Home could be easily hacked We just never knew all it e,nytimesbusiness,1191468931833303040,140,2019-11-04 21:35:04,SocialFlow,0,148
48,RT BREAKING Apple joins Facebook Google and Microsoft in pledging financial support for affordable house reports,nytimesbusiness,1191320889251553280,140,2019-11-04 11:46:48,SocialFlow,0,4
49,Google is buying Fitbit the maker of fitness tracking devices for 2 1 billion as the world s largest tech compan,nytimesbusiness,1190731328305717249,140,2019-11-02 20:44:06,SocialFlow,7,3
50,Google is buying Fitbit the maker of fitness tracking devices for 2 1 billion as the world s largest tech compan,nytimesbusiness,1190579825142116352,140,2019-11-02 10:42:04,SocialFlow,11,9
51,Google is buying Fitbit the maker of fitness tracking devices for 2 1 billion as the world s largest tech compan,nytimesbusiness,1190488982280380416,140,2019-11-02 04:41:06,SocialFlow,15,9
52,Uber Faces Yet Another Scandal After Disastrous Q3 Stock Plummets,observer,1192879967484469250,114,2019-11-08 19:02:01,Buffer,1,0
53,How Google s Fitbit Acquisition Will Help It Further Compete With Apple,observer,1192529221664542720,119,2019-11-07 19:48:17,Buffer,0,0
54,Writer Reveals What It s Like to Get Coffee in a True Self Driving Car,observer,1191415410350067715,118,2019-11-04 18:02:23,Buffer,1,0
55,Google Nest Wifi brought light to the digital darkness that was my apartment in just a few minutes but it has draw,mashable,1193532032846041092,140,2019-11-10 14:13:06,SocialFlow,12,8
56,Google Lens AI tried and failed to identify 20 adorable Corgis,mashable,1193056122623578113,88,2019-11-09 06:42:00,Twitter Media Studio,64,20
57,Manuel and Google team up to share Puerto Rican art with the world,mashable,1192761184539365376,120,2019-11-08 11:10:01,SocialFlow,27,6
58,Planning to buy a Google Pixel 4 You should absolutely wait a few days,mashable,1192720424959959041,119,2019-11-08 08:28:03,SocialFlow,14,8
59,Manuel and Google team up to share Puerto Rican art with the world,mashable,1192613689666527232,120,2019-11-08 01:23:55,SocialFlow,28,10
60,Manuel and Google team up to share Puerto Rican art with the world,mashable,1192551908898197505,120,2019-11-07 21:18:26,SocialFlow,20,8
61,1 000 Google employees wrote an open climate action letter to Google s CFO Ruth Porat,mashable,1191797600736989189,110,2019-11-05 19:21:05,SocialFlow,35,14
62,Apple s following the lead of Google and Facebook on this one,mashable,1191479483762532352,85,2019-11-04 22:17:00,Twitter Media Studio,58,23
63,When two become one,mashable,1190602726352273409,43,2019-11-02 12:13:04,SocialFlow,23,15
64,Google is purposefully crippling the Pixel 4 s brightness to save battery life,thenextweb,1193639988153462784,102,2019-11-10 21:22:04,TNW Updog,2,1
65,Google updates Teachable Machine so you can train an AI without code,thenextweb,1193574304392400896,92,2019-11-10 17:01:04,TNW Updog,8,3
66,Alphabet is investigating Google s handling of recent sexual harassment claims,thenextweb,1193467100452528128,102,2019-11-10 09:55:04,TNW Updog,3,3
67,Google forges new app defense alliance to fix Android malware menace,thenextweb,1193441933256998912,94,2019-11-10 08:15:04,TNW Updog,9,6
68,Google open sources Cardboard VR after killing its Daydream project,thenextweb,1193399905680855040,91,2019-11-10 05:28:04,TNW Updog,14,14
69,Google rolls out fix for the Pixel 4 s 90Hz display woes,thenextweb,1193310568201031682,80,2019-11-09 23:33:04,TNW Updog,6,0
70,Google is purposefully crippling the Pixel 4 s brightness to save battery life,thenextweb,1193277598954074113,102,2019-11-09 21:22:04,TNW Updog,4,3
71,Google and IBM fight for quantum supremacy but they re both wrong about it,thenextweb,1193158564086452224,102,2019-11-09 13:29:04,TNW Updog,12,9
72,Google wants to create the ultimate medical record search tool for doctors,thenextweb,1193110245293379585,98,2019-11-09 10:17:04,TNW Updog,7,7
73,Google is purposefully crippling the Pixel 4 s brightness to save battery life,thenextweb,1193096404929044480,102,2019-11-09 09:22:04,TNW Updog,1,1
74,Google is purposefully crippling the Pixel 4 s brightness to save battery life,thenextweb,1193005810026188801,102,2019-11-09 03:22:04,TNW Updog,3,1
75,Google is purposefully crippling the Pixel 4 s brightness to save battery life,thenextweb,1192915965547335680,102,2019-11-08 21:25:04,TNW Updog,3,0
76,Google updates Teachable Machine so you can train an AI without code,thenextweb,1192849529873354754,92,2019-11-08 17:01:04,TNW Updog,9,4
77,This highly rated language learning app in the Google Play Store is on sale today,thenextweb,1192789888531345408,105,2019-11-08 13:04:05,TNW Updog,7,1
78,Alphabet is investigating Google s handling of recent sexual harassment claims,thenextweb,1192742320954843136,102,2019-11-08 09:55:04,TNW Updog,3,2
79,Google forges new app defense alliance to fix Android malware menace,thenextweb,1192717155537739779,94,2019-11-08 08:15:04,TNW Updog,4,3
80,Google open sources Cardboard VR after killing its Daydream project,thenextweb,1192675128699740160,91,2019-11-08 05:28:04,TNW Updog,8,6
81,Google updates Teachable Machine so you can train an AI without code,thenextweb,1192668334241861632,92,2019-11-08 05:01:04,TNW Updog,7,2
82,Google updates Teachable Machine so you can train an AI without code,thenextweb,1192577738500198400,92,2019-11-07 23:01:04,TNW Updog,20,8
83,Alphabet is investigating Google s handling of recent sexual harassment claims,thenextweb,1192561128666214401,102,2019-11-07 21:55:04,TNW Updog,4,5
84,Google forges new app defense alliance to fix Android malware menace,thenextweb,1192535962863198210,94,2019-11-07 20:15:04,TNW Updog,5,1
85,Google open sources Cardboard VR after killing its Daydream project,thenextweb,1192493934645272582,91,2019-11-07 17:28:04,TNW Updog,3,4
86,Google updates Teachable Machine so you can train an AI without code,thenextweb,1192487643227000832,92,2019-11-07 17:03:04,TNW Updog,14,11
87,Alphabet is investigating Google s handling of recent sexual harassment claims,thenextweb,1192470532257714177,102,2019-11-07 15:55:04,TNW Updog,10,5
88,Google forges new app defense alliance to fix Android malware menace,thenextweb,1192445364634345475,94,2019-11-07 14:15:04,TNW Updog,6,1
89,Learn all the SEO steps for landing at the top of Google search results at 90 off,thenextweb,1192427246465769473,106,2019-11-07 13:03:04,TNW Updog,1,0
90,Google open sources Cardboard VR after killing its Daydream project,thenextweb,1192403339734142976,91,2019-11-07 11:28:04,TNW Updog,12,8
91,Alphabet is investigating Google s handling of recent sexual harassment claims,thenextweb,1192380438687485952,102,2019-11-07 09:57:04,TNW Updog,4,1
92,Google forges new app defense alliance to fix Android malware menace,thenextweb,1192355022257954817,94,2019-11-07 08:16:04,TNW Updog,9,9
93,Google open sources Cardboard VR after killing its Daydream project,thenextweb,1192313748280750081,91,2019-11-07 05:32:04,TNW Updog,13,9
94,Google rolls out fix for the Pixel 4 s 90Hz display woes,thenextweb,1191861017007067136,80,2019-11-05 23:33:04,TNW Updog,1,3
95,Google and IBM fight for quantum supremacy but they re both wrong about it,thenextweb,1191709016675749888,102,2019-11-05 13:29:05,TNW Updog,3,3
96,Highly rated in the App Store and Google Play Store Aura Meditation App is on sale today,thenextweb,1191702220858892288,113,2019-11-05 13:02:04,TNW Updog,1,0
97,Google rolls out fix for the Pixel 4 s 90Hz display woes,thenextweb,1191679822864498688,80,2019-11-05 11:33:04,TNW Updog,0,1
98,Google wants to create the ultimate medical record search tool for doctors,thenextweb,1191660695559057410,98,2019-11-05 10:17:04,TNW Updog,9,5
99,Google rolls out fix for the Pixel 4 s 90Hz display woes,thenextweb,1191589225004711936,80,2019-11-05 05:33:04,TNW Updog,2,2
100,Google and IBM fight for quantum supremacy but they re both wrong about it,thenextweb,1191527820419325952,102,2019-11-05 01:29:04,TNW Updog,3,2
101,Google rolls out fix for the Pixel 4 s 90Hz display woes,thenextweb,1191498878849339394,80,2019-11-04 23:34:04,TNW Updog,4,1
102,Google wants to create the ultimate medical record search tool for doctors,thenextweb,1191479500770545666,98,2019-11-04 22:17:04,TNW Updog,6,2
103,Google and IBM fight for quantum supremacy but they re both wrong about it,thenextweb,1191437221338984450,102,2019-11-04 19:29:04,TNW Updog,6,2
104,Google wants to create the ultimate medical record search tool for doctors,thenextweb,1191388904244596737,98,2019-11-04 16:17:04,TNW Updog,8,6
105,Google and IBM fight for quantum supremacy but they re both wrong about it,thenextweb,1191347127676526593,102,2019-11-04 13:31:04,TNW Updog,8,3
106,Google wants to create the ultimate medical record search tool for doctors,thenextweb,1191299063058223104,98,2019-11-04 10:20:04,TNW Updog,8,9
107,It s official Google is buying Fitbit for 2 1 billion,thenextweb,1190999589911977984,79,2019-11-03 14:30:04,TNW Updog,22,7
108,How to turn on incognito mode in Google Maps,thenextweb,1190946489423581184,68,2019-11-03 10:59:04,TNW Updog,8,2
109,Report Facebook wanted to buy Fitbit too but Google offered more cash,thenextweb,1190794489620815873,95,2019-11-03 00:55:04,TNW Updog,11,5
110,It s official Google is buying Fitbit for 2 1 billion,thenextweb,1190637201526272000,79,2019-11-02 14:30:04,TNW Updog,20,11
111,Report Facebook wanted to buy Fitbit too but Google offered more cash,thenextweb,1190613292114427907,95,2019-11-02 12:55:04,TNW Updog,6,9
112,CHEAP The Google Home Hub is only 70 buy it,thenextweb,1190600209379840000,71,2019-11-02 12:03:04,TNW Updog,0,0
113,The Google Pixel 4 reviewed acrostic ly,thenextweb,1190600207748218880,64,2019-11-02 12:03:04,TNW Updog,1,1
114,How to turn on incognito mode in Google Maps,thenextweb,1190584101218197504,68,2019-11-02 10:59:04,TNW Updog,5,1
115,Report Facebook wanted to buy Fitbit too but Google offered more cash,thenextweb,1190522697807216640,95,2019-11-02 06:55:04,TNW Updog,11,9
116,Google recently bought health tracking company Fitbit in a bid to expand its reach into wearable tech But what hap,WIRED,1192918895335788546,140,2019-11-08 21:36:42,SocialFlow,24,14
117,Want to follow along with our WIRED25 summit today and Saturday And you should Download our app powered by,WIRED,1192844918072528897,137,2019-11-08 16:42:45,SocialFlow,5,3
118,Check out WIRED s Most Interesting Things in Tech on your Google Home or Alexa speaker Today s edition is presen,WIRED,1192621019791609856,140,2019-11-08 01:53:03,SocialFlow,12,5
119,Google s new Nest WiFi looks good but you ll need a Google account to use it,WIRED,1192562140240060416,103,2019-11-07 21:59:05,SocialFlow,9,7
120,For decades doctors have relied on the well trained eyes of human pathologists to give their patients a cancer dia,WIRED,1192430931388317698,140,2019-11-07 13:17:42,SocialFlow,92,52
121,Hackers can now use lasers from as far as 164 feet away to manipulate your Amazon Echo Google Home or even your g,WIRED,1192340851369922560,140,2019-11-07 07:19:46,SocialFlow,198,137
122,Pour one out for the OG Google Pixel 1 via,WIRED,1192231083217215488,83,2019-11-07 00:03:35,SocialFlow,50,22
123,Android has a bit of a malware problem And after grappling with the issue for a decade Google is calling in some,WIRED,1192161493233651712,139,2019-11-06 19:27:03,SocialFlow,69,40
124,By lifting the curtain on the secret info chips are usually built on Google and others are building a processor yo,WIRED,1192042715917291520,140,2019-11-06 11:35:05,SocialFlow,62,29
125,Check out WIRED s Most Interesting Things in Tech on your Google Home or Alexa speaker Today s edition is presen,WIRED,1191898259213697024,140,2019-11-06 02:01:04,SocialFlow,13,6
126,AI adoption for national security is imperative said Eric Schmidt chair of the commission and formerly CEO of,WIRED,1191875859096977409,139,2019-11-06 00:32:03,SocialFlow,37,16
127,Google wants to save us by bringing transparency to chips and Facebook wants to save its image with a spruced up l,WIRED,1191856418124652544,140,2019-11-05 23:14:48,SocialFlow,38,15
128,Trying to use algorithms to one s advantage is seen as bad form because platforms like Facebook Google and Twitter,WIRED,1191843146059190276,140,2019-11-05 22:22:04,SocialFlow,34,18
129,Google is working to to improve the transparency and the security of secure enclaves Its new project aims to lift,WIRED,1191729893911994371,139,2019-11-05 14:52:02,SocialFlow,52,28
130,Now that Google will control both the software and the hardware on whatever new wrist computers bloom from this acq,WIRED,1191581755402264577,140,2019-11-05 05:03:23,SocialFlow,49,21
131,Check out WIRED s Most Interesting Things in Tech on your Google Home or Alexa speaker Today s edition is presen,WIRED,1191528092239630336,140,2019-11-05 01:30:09,SocialFlow,12,5
132,RT greenberg Researchers found that varying the intensity of a laser pointed at a smart speaker s mic could trick it into behaving as i,WIRED,1191425340737875970,140,2019-11-04 18:41:51,Twitter Web App,0,574
133,Well this is not good news Researchers used lasers to hack smart assistants and forced them to unlock cars and ope,WIRED,1191418353186988037,140,2019-11-04 18:14:05,SocialFlow,221,199
134,Make sure you re really talking privately,WIRED,1190976315500957696,67,2019-11-03 12:57:35,SocialFlow,73,42
135,Attacks from the left Attacks from the right Attacks from the inside The structures that once made Google Silic,WIRED,1190928756409548800,140,2019-11-03 09:48:36,SocialFlow,191,85
136,RT The Google Fitbit acquisition closes out a decade of wearable starts and stops some more bizarre than others Now Big T,WIRED,1190718937240981504,140,2019-11-02 19:54:51,Twitter for iPhone,0,97
137,Google has scooped up Fitbit Now the question becomes whether it s good for the personal health tracking market th,WIRED,1190697449108717570,140,2019-11-02 18:29:28,SocialFlow,106,51
138,Even with Fitbit Google will have a hard time competing in the Apple Watch dominated wearables market But if Goog,WIRED,1190618381042495488,140,2019-11-02 13:15:17,SocialFlow,60,18
139,On 9 November 1989 a pivotal event in world history was marked the fall of the Iron Curtain or the BerlinWall,tech2eets,1193017683878371328,139,2019-11-09 04:09:15,TweetDeck,6,1
140,After the departure of Rajan Anandan in April has now appointed former MD Sanjay Gupta a,tech2eets,1192767060620787712,140,2019-11-08 11:33:22,TweetDeck,4,3
141,is still using stolen tech and might have to either buy a license from or shut down its self,tech2eets,1192706403216941056,140,2019-11-08 07:32:20,TweetDeck,7,4
142,The board of parent company Alphabet Inc is investigating executives handling of sexualharassment and oth,tech2eets,1192265829720588288,140,2019-11-07 02:21:39,TweetDeck,2,1
143,was officially unveiled by for the first time on 5 November 2007 With more than a decade of the,tech2eets,1192031046495170561,139,2019-11-06 10:48:43,Twitter Web App,4,3
144,After surprised the original Pixel users with the Android10 update the company has now confirmed that it,tech2eets,1192013666171805697,139,2019-11-06 09:39:39,TweetDeck,5,3
145,The new bilingual support on will allow users to populate their news feeds in two languages like Engli,tech2eets,1191629671424638976,140,2019-11-05 08:13:47,Twitter Web App,6,7
146,is jumping into the fitness tracker business with both feet by buying for 2 1 billion,tech2eets,1190878423062732801,128,2019-11-03 06:28:36,TweetDeck,16,2
147,Google upgrades its no coding in browser AI trainer to make it more functional,verge,1193593417781129222,127,2019-11-10 18:17:01,Sprout Social,85,10
148,Xiaomi s Mi Watch is an Apple Watch lookalike that costs just 185,verge,1193204607490646016,114,2019-11-09 16:32:01,Sprout Social,179,22
149,The Verge guide to Chrome OS and Chromebooks,verge,1193081041126379520,92,2019-11-09 08:21:01,Sprout Social,58,8
150,Google s Stadia cloud gaming service is coming November 19th Everything you need to know,verge,1193030709268635648,138,2019-11-09 05:01:01,Sprout Social,149,26
151,RT Sony s excellent WH1000X M3 wireless over ear headphones are 278 matching the best price at Amazon and Walmart for a li,verge,1192933497620639746,140,2019-11-08 22:34:44,TweetDeck,0,12
152,Google s early Black Friday deals include 200 off the Pixel 4 100 off the Pixel 3A,verge,1192906270044512258,133,2019-11-08 20:46:32,Vox Media,49,16
153,The Verge guide to Chrome OS and Chromebooks,verge,1192900783022465024,92,2019-11-08 20:24:44,TweetDeck,58,7
154,Google s Stadia cloud gaming service is coming November 19th Everything you need to know,verge,1192849607061131265,138,2019-11-08 17:01:23,TweetDeck,130,29
155,Google upgrades its no coding in browser AI trainer to make it more functional,verge,1192668573380034561,127,2019-11-08 05:02:01,Sprout Social,53,11
156,RT The Google Pixel 4 will be up to 400 off on Black Friday,verge,1192564033645355008,121,2019-11-07 22:06:37,TweetDeck,0,29
157,Google upgrades its no coding in browser AI trainer to make it more functional,verge,1192487002966544384,127,2019-11-07 17:00:31,Vox Media,86,15
158,Google s Nest Hubs can now sense when you re standing nearby and show you the weather,verge,1192308954552029185,133,2019-11-07 05:13:01,Sprout Social,48,10
159,Google is open sourcing Cardboard now that the Daydream is dead,verge,1192248375363723264,111,2019-11-07 01:12:18,Vox Media,76,20
160,Google teams up with security companies to catch bad apps before they hit the Play Store,verge,1192216381326024709,136,2019-11-06 23:05:10,Vox Media,35,9
161,RT The new 10 2 inch iPad at 80 off is Target s best Black Friday deal,verge,1192147817583783938,132,2019-11-06 18:32:43,TweetDeck,0,14
162,The new 10 2 inch iPad at 80 off is Target s best Black Friday deal,verge,1192132877175205888,116,2019-11-06 17:33:21,Vox Media,54,8
163,Google s Nest Hubs can now sense when you re standing nearby and show you the weather,verge,1192127981155696640,133,2019-11-06 17:13:54,Vox Media,48,11
164,The original Google Pixel will get one final update in December,verge,1191995639506309120,111,2019-11-06 08:28:01,Sprout Social,118,8
165,Xiaomi s Mi Watch is an Apple Watch lookalike that costs just 185,verge,1191901771410657281,114,2019-11-06 02:15:01,Sprout Social,105,22
166,The original Google Pixel will get one final update in December,verge,1191814621587525634,111,2019-11-05 20:28:43,Vox Media,168,30
167,RT Tile s 59 multipacks come with a free Google Nest Mini or Amazon Echo Dot at Best Buy,verge,1191791214850428929,140,2019-11-05 18:55:42,TweetDeck,0,8
168,Tile s 59 multipacks come with a free Google Nest Mini or Amazon Echo Dot at Best Buy,verge,1191758313026998273,134,2019-11-05 16:44:58,Vox Media,29,3
169,Google is bringing its free Google Play rewards program to the US,verge,1191617899636674560,113,2019-11-05 07:27:01,Sprout Social,88,12
170,Your Amazon Echo or Google Home could be fooled by a laser speaking words,verge,1191534566718296065,123,2019-11-05 01:55:53,Vox Media,28,10
171,Google Nest Wifi review the smarter mesh router,verge,1191520523999752197,96,2019-11-05 01:00:04,Sprout Social,26,4
172,Google workers double down on climate demands in new letter,verge,1191445041870450688,107,2019-11-04 20:00:08,Vox Media,97,22
173,Google is bringing its free Google Play rewards program to the US,verge,1191436311065976833,113,2019-11-04 19:25:27,Vox Media,94,15
174,Google Nest Wifi review the smarter mesh router,verge,1191339394977939457,96,2019-11-04 13:00:20,Vox Media,89,12
175,The Verge guide to Chrome OS and Chromebooks,verge,1191339341139922944,92,2019-11-04 13:00:07,Vox Media,66,7
176,Google s auto transcribing Recorder app will come to older Pixel devices,verge,1190900422258647045,120,2019-11-03 07:56:01,Sprout Social,202,16
177,DeepMind s StarCraft 2 AI is now better than 99 8 percent of all human players,verge,1190720489590669313,126,2019-11-02 20:01:01,Sprout Social,158,33
178,Facebook reportedly was in talks to buy Fitbit before Google was,verge,1190500034372091904,112,2019-11-02 05:25:01,Sprout Social,92,17
179,Google says it talked to wedding photographers to figure out how to build its face retouching feature,verge,1190490973513670656,126,2019-11-02 04:49:00,Sprout Social,159,46
180,Google s auto transcribing Recorder app will come to older Pixel devices,verge,1190461530271363072,120,2019-11-02 02:52:01,Sprout Social,144,38
181,Walmart drops the prices on most but not all Nest smart home devices,DigitalTrends,1193635959906025473,102,2019-11-10 21:06:04,dlvr.it,5,3
182,buys instead of creating a smart watch of and break it all do,DigitalTrends,1192969300488753152,140,2019-11-09 00:57:00,Twitter Media Studio,6,4
183,What it means now that acquired,DigitalTrends,1192897074926211072,72,2019-11-08 20:10:00,Twitter Media Studio,8,5
184,buys instead of creating a smart watch of and break it all do,DigitalTrends,1192606912795201538,140,2019-11-08 00:57:00,Twitter Media Studio,6,4
185,What it means now that acquired,DigitalTrends,1192534686960144384,72,2019-11-07 20:10:00,Twitter Media Studio,8,11
186,futuristic HoloLens 2 headset is now shipping starting at 3 500,DigitalTrends,1192483303166595073,103,2019-11-07 16:45:49,Twitter Web App,7,5
187,Valve appears to be working on its own Stadia cloud gaming competitor,DigitalTrends,1192245293351260161,101,2019-11-07 01:00:03,dlvr.it,6,2
188,buys instead of creating a smart watch of and break it all do,DigitalTrends,1192244524933951498,140,2019-11-07 00:57:00,Twitter Media Studio,5,2
189,What it means now that acquired,DigitalTrends,1192172299002109952,72,2019-11-06 20:10:00,Twitter Media Studio,11,4
190,is adding new underwater locations to Street Views,DigitalTrends,1191905541343367168,84,2019-11-06 02:30:00,Twitter Media Studio,176,81
191,buys instead of creating a smart watch of and break it all do,DigitalTrends,1191881885301039104,140,2019-11-06 00:56:00,Twitter Media Studio,4,3
192,The Pixel s last update will be released in December,DigitalTrends,1191866295987261440,84,2019-11-05 23:54:03,dlvr.it,4,4
193,just announced the new Pixel Buds 2 MadebyGoogle,DigitalTrends,1191848918474199040,84,2019-11-05 22:45:00,Twitter Media Studio,23,11
194,What it means now that acquired,DigitalTrends,1191809911220359169,72,2019-11-05 20:10:00,Twitter Media Studio,8,5
195,Points mean prizes as Play Store rewards program comes to U S,DigitalTrends,1191648859438534656,94,2019-11-05 09:30:02,dlvr.it,7,5
196,buys instead of creating a smart watch of and break it all do,DigitalTrends,1191519497447854080,140,2019-11-05 00:56:00,Twitter Media Studio,8,5
197,is buying for 2 1 billion,DigitalTrends,1191467449503244289,68,2019-11-04 21:29:11,Twitter Media Studio,33,17
198,What it means now that acquired,DigitalTrends,1191447523212161025,72,2019-11-04 20:10:00,Twitter Media Studio,7,5
199,buys instead of creating a smart watch of and break it all do,DigitalTrends,1191416066171228160,140,2019-11-04 18:05:00,Twitter Media Studio,9,4
200,is buying for 2 1 billion,DigitalTrends,1191373284165574657,68,2019-11-04 15:15:00,Twitter Media Studio,22,10
201,is buying for 2 1 billion,DigitalTrends,1191339311695908865,68,2019-11-04 13:00:00,Twitter Media Studio,31,19
202,is giving 100 000 Home Minis to those with paralysis,DigitalTrends,1191192090165706753,86,2019-11-04 03:15:00,Twitter Media Studio,36,11
203,buys instead of creating a smart watch of and break it all do,DigitalTrends,1191157109557088256,140,2019-11-04 00:56:00,Twitter Media Studio,11,7
204,What it means now that acquired,DigitalTrends,1191085135438864384,72,2019-11-03 20:10:00,Twitter Media Studio,10,3
205,buys instead of creating a smart watch of and break it all do,DigitalTrends,1191054936437604352,140,2019-11-03 18:10:00,Twitter Media Studio,4,5
206,BlizzCon 2019 attendees tried to beat s DeepMind A I in StarCraft II,DigitalTrends,1191009273590927360,101,2019-11-03 15:08:33,dlvr.it,11,6
207,What it means now that acquired,DigitalTrends,1190981955673681920,72,2019-11-03 13:20:00,Twitter Media Studio,13,6
208,buys instead of creating a smart watch of and break it all do,DigitalTrends,1190778511289671680,140,2019-11-02 23:51:35,Twitter Media Studio,9,3
209,buys instead of creating a smart watch of and break it all do,DigitalTrends,1190778158640979969,140,2019-11-02 23:50:11,Twitter Ads,12,7
210,Google may have designed the fastest machine in the world,DigitalTrends,1190761754592075776,82,2019-11-02 22:45:00,Twitter Media Studio,40,22
211,is buying for 2 1 billion,DigitalTrends,1190746655034875918,68,2019-11-02 21:45:00,Twitter Media Studio,49,35
212,What it means now that acquired,DigitalTrends,1190689025327292416,72,2019-11-02 17:56:00,Twitter Media Studio,9,4
213,May not be a happy ending for some but there s a lot to cover when it comes to Big Tech s current antitrust battle,arstechnica,1193441692684300289,140,2019-11-10 08:14:07,SocialFlow,20,12
214,Google has surprised us before with longer than expected device support but it looks like the Pixel 1 will get no,arstechnica,1193161011014045698,139,2019-11-09 13:38:47,SocialFlow,21,8
215,Google enlists outside help to clean up Android s malware mess by,arstechnica,1193129612819271680,96,2019-11-09 11:34:01,Ars tweetbot,13,17
216,Can we have nice things just one time Sigh,arstechnica,1191891281582145537,69,2019-11-06 01:33:20,SocialFlow,43,27
217,RIP OG Pixel Google ends support after just three years by,arstechnica,1191746499224522752,94,2019-11-05 15:58:01,Ars tweetbot,162,40
218,Antitrust 101 Why everyone is probing Amazon Apple Facebook and Google,arstechnica,1191689375047966721,98,2019-11-05 12:11:02,Ars tweetbot,14,11
219,Researchers hack Siri Alexa and Google Home by shining lasers at them by,arstechnica,1191417584442327057,112,2019-11-04 18:11:02,Ars tweetbot,72,71
220,Nest Wi Fi is a big improvement over Google Wi Fi But is it enough by,arstechnica,1191344607025602561,104,2019-11-04 13:21:03,Ars tweetbot,12,6
