,tweets,user,id,len,date,source,likes,retweets
0,Netflix and HBO shows are pirated on this app that s been bankrolled by ads from Pandora and TikTok,CNBC,1188473412815069198,123,2019-10-27 15:11:57,SocialFlow,30,11
1,Dolby is working to improve the audio visual experience on the go by bringing its Atmos and Vision technologies to,CNBC,1188229317974806528,139,2019-10-26 23:02:00,Twitter Media Studio,11,6
2,Goldman s internet analyst Heath Terry says Netflix is a bargain given its massive library,CNBC,1186702814325682178,114,2019-10-22 17:56:13,SocialFlow,5,1
3,RT Netflix tumbles 2 in pre market after Verizon announces that it will offer its customers 1 year of Disney for free,CNBC,1186632411670634498,140,2019-10-22 13:16:28,TweetDeck,0,96
4,Netflix offers 2 billion in debt to fund more original content,CNBC,1186559665787813888,87,2019-10-22 08:27:24,SocialFlow,15,4
5,RT On today s Tasting Menu performs bonds and going meatless with PTON,CNBC,1186376671533731841,140,2019-10-21 20:20:14,Twitter Web App,0,4
6,Netflix offers 2 billion in debt to fund more original content,CNBC,1186278328984051713,87,2019-10-21 13:49:28,SocialFlow,57,36
7,In this CNBCClassic clip anchor Tyler Mathisen covers Netflix s 2002 IPO CEO Reid Hastings expressed optimism c,CNBC,1186004155476791296,140,2019-10-20 19:40:00,Twitter Media Studio,21,9
8,Netflix and HBO shows are pirated on this app that s been bankrolled by ads from Pandora and TikTok,CNBC,1185915159543459841,123,2019-10-20 13:46:21,SocialFlow,26,6
9,Netflix co founder Marc Randolph shares the 8 rules for success his dad gave him when he was 21 via,CNBC,1185823505419517953,140,2019-10-20 07:42:09,SocialFlow,88,24
10,Teens choose YouTube over Netflix for the first time according to new survey,CNBC,1185462700706582528,102,2019-10-19 07:48:27,SocialFlow,44,12
11,Let s swap Netflix for Microsoft Jim Cramer says in FAANG audit,CNBC,1185321994637758464,88,2019-10-18 22:29:20,SocialFlow,10,7
12,Stocks fell as Netflix led Big Tech shares lower while investors also grappled with weak overseas data The Dow dro,CNBC,1185287549302067200,140,2019-10-18 20:12:27,Wildmoka,14,8
13,Verizon Inks Deal For Disney Netflix Investors Show Concern VZ DIS NFLX,Benzinga,1186662242152042498,100,2019-10-22 15:15:00,TweetDeck,4,4
14,Benzinga s Bulls And Bears Of The Week Beyond Meat Netflix Johnson amp Johnson And More AZN BYND CMG JNJ NFLX,Benzinga,1185601506176684033,144,2019-10-19 17:00:01,TweetDeck,2,3
15,Comment with your stock pick and your star sign Mschf giving millennial traders what they really want,Stocktwits,1187066318606000129,131,2019-10-23 18:00:39,Twitter Web App,10,5
16,Netflix NFLX and First Solar FSLR are the only two stocks that were trading above 100 share and gapped up at lea,bespokeinvest,1186621030758043650,140,2019-10-22 12:31:14,Twitter Web App,6,2
17,Here s where the FAANG charts stand to close out the week What a nasty turn lower for Netflix NFLX after earning,bespokeinvest,1185318059948630027,140,2019-10-18 22:13:42,Twitter Web App,6,2
18,Heard on the Street Netflix readies its most ambitious slate yet of original movies but quality so far has been m,WSJmarkets,1186368316094500864,140,2019-10-21 19:47:02,SocialFlow,0,2
19,RT Netflix original movies have appeared to be critic proof so far But with the company relying on an unprecedented number,WSJmarkets,1186324289311522818,139,2019-10-21 16:52:06,Twitter Web App,0,7
20,Recent research suggests that even when viewers try to shield their information from companies that hope to target,nytimesbusiness,1188057952088932352,139,2019-10-26 11:41:03,SocialFlow,2,4
21,RT When Forever 21 filed for bankruptcy last month the fast fashion chain described its history in documents that read at tim,nytimesbusiness,1187377724979068928,140,2019-10-24 14:38:04,SocialFlow,0,6
22,Netflix embraces the show in show business with its release plans for two Oscar contenders Martin Scorsese s The,nytimesbusiness,1187101412485935110,139,2019-10-23 20:20:06,SocialFlow,1,0
23,RT 8 shows a week dark on Monday,nytimesbusiness,1187062653572866049,70,2019-10-23 17:46:05,SocialFlow,0,5
24,The Irishman at the Belasco Theater Marriage Story at the last single screen movie house in New York Behind N,nytimesbusiness,1187056111339343872,140,2019-10-23 17:20:06,SocialFlow,6,2
25,RT Scorsese will see his name in Broadway lights on Netflix s various specialized theater strategies,nytimesbusiness,1187018356869812224,140,2019-10-23 14:50:04,SocialFlow,0,1
26,Netflix embraces the show in show business with its release plans for two Oscar contenders Martin Scorsese s The,nytimesbusiness,1186998224504143872,139,2019-10-23 13:30:04,SocialFlow,1,0
27,Netflix embraces the show in show business with its release plans for two Oscar contenders Martin Scorsese s The,nytimesbusiness,1186939551933259776,139,2019-10-23 09:36:56,SocialFlow,1,1
28,What are Netflix s top original movies and TV shows Now we know,nytimesbusiness,1185989327488196614,89,2019-10-20 18:41:04,SocialFlow,1,1
29,Netflix was hush hush about how many times its shows and movies have been streamed Until now,nytimesbusiness,1185254247702716418,118,2019-10-18 18:00:08,SocialFlow,1,0
30,Can NBCU s Peacock Strut Its Stuff in the Streaming Wars,observer,1188519237171798016,105,2019-10-27 18:14:02,Buffer,1,1
31,Netflix Strategically Reveals Some of Its Most Popular Shows and Movies,observer,1187809825553571843,119,2019-10-25 19:15:05,Buffer,3,1
32,How Many Subscribers Will It Take to Make HBO Max a Success,observer,1187798988126375937,108,2019-10-25 18:32:01,Buffer,0,0
33,Can NBCU s Peacock Strut Its Stuff in the Streaming Wars,observer,1187453729286606848,105,2019-10-24 19:40:05,Buffer,2,1
34,How Much Does It Cost to Fight in the Streaming Wars,observer,1187007035591839749,101,2019-10-23 14:05:05,Buffer,1,0
35,RT Katzby Netflix Disney Apple oh my The table stakes of streaming are simply astronomical,observer,1186994170117926913,136,2019-10-23 13:13:58,TweetDeck,0,10
36,When Does The Irishman Actually Hit Netflix,observer,1186659754833338368,94,2019-10-22 15:05:07,Buffer,0,0
37,South Park Streaming Rights Up for Grabs in 500M Bidding War,observer,1186621988808335365,111,2019-10-22 12:35:03,Buffer,3,1
38,Where Does Netflix Go From Here,observer,1186236946680598528,80,2019-10-21 11:05:01,Buffer,0,0
39,As Netflix Burns Cash amp Loses Daily Users Can the Company Compete With New Services,observer,1186054996472860673,137,2019-10-20 23:02:01,Buffer,1,1
40,According to Twitter Stranger Things Is the Most Talked About TV Show in the World,observer,1185636740930949120,133,2019-10-19 19:20:01,Buffer,2,0
41,Netflix and Spotify could one day send you emergency alerts,mashable,1187763909547220994,107,2019-10-25 16:12:38,SocialFlow,13,2
42,Everything coming to Netflix in November 2019,mashable,1187403680460476419,69,2019-10-24 16:21:12,SocialFlow,36,13
43,Netflix s Daybreak sinks an ambitious premise with misguided dark comedy,mashable,1187371474526584832,98,2019-10-24 14:13:14,SocialFlow,14,5
44,Netflix s Daybreak sinks an ambitious premise with misguided dark comedy,mashable,1187366029523116032,98,2019-10-24 13:51:36,SocialFlow,10,3
45,Everything coming to Netflix in November 2019,mashable,1187360118884712449,69,2019-10-24 13:28:07,SocialFlow,20,8
46,The 15 best horror movies currently streaming on Netflix,mashable,1187141162009841666,80,2019-10-23 22:58:03,SocialFlow,42,5
47,Netflix s true crime docu series The Devil Next Door could be your next obsession,mashable,1187037134156378114,107,2019-10-23 16:04:41,SocialFlow,18,6
48,Netflix s true crime docu series The Devil Next Door could be your next obsession,mashable,1187022769952821253,107,2019-10-23 15:07:36,SocialFlow,30,10
49,Seth Meyers will have a Netflix special next month,mashable,1187015032921579520,74,2019-10-23 14:36:52,SocialFlow,12,4
50,Seth Meyers announces Stand Up Seth to introduce surprise Netflix special,mashable,1187007573154828289,99,2019-10-23 14:07:13,SocialFlow,10,3
51,The 15 best horror movies currently streaming on Netflix,mashable,1186998475491303424,80,2019-10-23 13:31:04,SocialFlow,34,14
52,The 15 best horror movies currently streaming on Netflix,mashable,1186975182046580736,80,2019-10-23 11:58:30,SocialFlow,46,13
53,Netflix may try to limit password sharing without making customers mad via,mashable,1186730263289749505,105,2019-10-22 19:45:17,SocialFlow,12,8
54,Netflix s bubbly Let It Snow trailer is here to kick off your holidays,mashable,1186692294986088453,96,2019-10-22 17:14:25,SocialFlow,9,2
55,Netflix s bubbly Let It Snow trailer is here to kick off your holidays,mashable,1186666868477714433,96,2019-10-22 15:33:23,SocialFlow,7,3
56,Netflix s bubbly Let It Snow trailer is here to kick off your holidays,mashable,1186660973236703233,96,2019-10-22 15:09:57,SocialFlow,10,3
57,Netflix s The King will test even the most patient of Timoth e Chalamet fans,mashable,1186337415977426945,102,2019-10-21 17:44:15,SocialFlow,27,9
58,Prince Charles grows up in tense The Crown Season 3 trailer,mashable,1186331343724142592,85,2019-10-21 17:20:07,SocialFlow,9,4
59,Netflix s The King will test even the most patient of Timoth e Chalamet fans,mashable,1186322916226539520,102,2019-10-21 16:46:38,SocialFlow,9,1
60,Netflix s The King will test even the most patient of Timoth e Chalamet fans,mashable,1186287497879412738,102,2019-10-21 14:25:54,SocialFlow,15,3
61,Prince Charles grows up in tense The Crown Season 3 trailer,mashable,1186286041608658944,85,2019-10-21 14:20:07,SocialFlow,14,8
62,Let s talk about the ending of Netflix s Living With Yourself,mashable,1186274842745720832,87,2019-10-21 13:35:37,SocialFlow,11,6
63,Let s talk about the ending of Netflix s Living With Yourself,mashable,1186266385409806336,87,2019-10-21 13:02:00,SocialFlow,17,2
64,Just putting it out there Please Netflix don t kill TV,thenextweb,1185486862921732098,80,2019-10-19 09:24:28,SocialFlow,5,3
65,RT From malaria ridden villages in Burkina Faso to fertility clinics in Ukraine Unnatural Selection takes viewers deep in,WIRED,1185943232376647682,140,2019-10-20 15:37:55,Twitter for iPhone,0,41
66,These days machine learning drives everything from Stitch Fix s curated boxes of clothes to Netflix s personalized,WIRED,1185834930837901317,140,2019-10-20 08:27:33,SocialFlow,69,22
67,Unnatural Selection chronicles the ambitions and struggles of scientists doctors patients conservationists an,WIRED,1185276147107581952,140,2019-10-18 19:27:09,SocialFlow,62,28
68,The variable playback speed being tested by will allow users to slow down videos by 0 5x or 0 75x and,tech2eets,1187718288706396160,140,2019-10-25 13:11:21,Twitter Web App,11,4
69,Disney downloads will disappear from devices if a title is pulled from the service,verge,1188506146157535234,131,2019-10-27 17:22:01,Sprout Social,69,10
70,There s now an app that lets you pick stocks based on your astrological sign,verge,1188242910728327170,124,2019-10-26 23:56:01,Sprout Social,84,17
71,Netflix tracks shows by measuring starters watchers and completers,verge,1188212462098812928,122,2019-10-26 21:55:01,Sprout Social,119,19
72,HBO Max will reportedly get a cheaper ad supported tier in 2021,verge,1187976656666988544,112,2019-10-26 06:18:01,Sprout Social,65,3
73,HBO Max will reportedly get a cheaper ad supported tier in 2021,verge,1187795616795107328,112,2019-10-25 18:18:37,Vox Media,65,5
74,RT This week the tongue in cheek meta zombie teen action comedy DAYBREAK hits Netflix That is a lot of adjectives This,verge,1187779573108432896,139,2019-10-25 17:14:52,Twitter Web App,0,5
75,Disney downloads will disappear from devices if a title is pulled from the service,verge,1187570984058085376,131,2019-10-25 03:26:01,Sprout Social,42,15
76,Disney downloads will disappear from devices if a title is pulled from the service,verge,1187387993159589888,131,2019-10-24 15:18:52,Vox Media,155,53
77,There s now an app that lets you pick stocks based on your astrological sign,verge,1186779305445134336,124,2019-10-22 23:00:10,Vox Media,49,12
78,Netflix tracks shows by measuring starters watchers and completers,verge,1186541702322020352,122,2019-10-22 07:16:01,Sprout Social,113,17
79,Netflix s new apocalyptic teen comedy Daybreak is an exhausting sugar rush,verge,1186511251087745024,122,2019-10-22 05:15:01,Sprout Social,53,3
80,Netflix tracks shows by measuring starters watchers and completers,verge,1186360684101165057,122,2019-10-21 19:16:43,Vox Media,81,19
81,Netflix s new apocalyptic teen comedy Daybreak is an exhausting sugar rush,verge,1186326612121444352,122,2019-10-21 17:01:19,Vox Media,46,4
82,Netflix says Stranger Things third season is record breaking but what does that mean,verge,1185669706134540288,135,2019-10-19 21:31:01,Sprout Social,129,21
83,Netflix s Paul Rudd comedy series Living With Yourself fuses goofy sitcom humor with high tech anxiety,verge,1185452021035520001,127,2019-10-19 07:06:01,Sprout Social,160,12
84,Netflix s Paul Rudd comedy series Living With Yourself fuses goofy sitcom humor with high tech anxiety,verge,1185271021697490946,127,2019-10-18 19:06:47,Vox Media,82,10
85,Why do some movies and TV shows disappear from streaming services,DigitalTrends,1187491342399574018,90,2019-10-24 22:09:33,dlvr.it,10,4
86,Digital Trends Live and elections raises 2 billion and more,DigitalTrends,1186763042081538048,106,2019-10-22 21:55:32,dlvr.it,6,0
87,Apple TV Everything we know about Apple s style streaming service,DigitalTrends,1185391754872143872,101,2019-10-19 03:06:32,dlvr.it,7,0
88,Netflix releases first teaser trailer for Ghost in the Shell SAC 2045,arstechnica,1187105422861320198,94,2019-10-23 20:36:02,Ars tweetbot,71,20
